Customer id,Recency,Frequency,Monetary,CategoryVariety,AvgInvoice,PreferredMall,Cluster
C00001,58,3,36293.51,3,5184.787142857143,TKO,1
C00002,9,4,23993.87,4,2999.23375,TKO,1
C00003,163,2,39053.9,4,5579.128571428571,MK,1
C00004,164,6,56074.91,5,3738.3273333333336,CYB,0
C00005,216,5,34654.26,5,1925.2366666666667,TKO,0
C00006,244,3,40154.15,5,4461.572222222222,MK,0
C00007,52,4,52322.340000000004,4,4360.195000000001,TKO,0
C00008,156,6,54821.49,5,3045.6383333333333,TKO,0
C00009,407,4,12539.56,4,1791.3657142857141,MK,1
C00010,8,6,53615.09,5,2978.616111111111,MK,0
C00011,15,4,26612.97,5,2661.297,MK,0
C00012,496,3,48996.35,5,4454.213636363636,ST,1
C00013,134,6,64357.42999999999,5,4290.495333333333,CYB,0
C00014,152,4,20125.190000000002,4,1829.5627272727274,TKO,1
C00015,530,3,52374.97,5,5237.497,TKO,1
C00016,141,3,78671.43000000001,5,6555.9525,TKO,0
C00017,35,5,46625.61,5,4238.691818181818,MK,0
C00018,46,9,133008.0,5,5542.0,TKO,0
C00019,228,8,137817.84,5,5742.41,MK,0
C00020,191,3,35388.549999999996,5,3538.8549999999996,CYB,1
C00021,36,8,133439.84,5,5132.301538461538,TKO,0
C00022,183,3,4587.35,3,917.47,TKO,1
C00023,26,6,112531.62999999999,5,6619.507647058823,CYB,0
C00024,230,4,23170.969999999998,4,3310.138571428571,MK,1
C00025,278,7,63535.060000000005,5,2647.294166666667,CYB,0
C00026,225,3,70169.34999999999,5,5847.445833333332,ST,0
C00027,93,2,17106.3,3,1710.6299999999999,TKO,1
C00028,388,4,6902.03,4,690.203,CYB,1
C00029,60,7,38623.32,5,2032.8063157894737,MK,0
C00030,201,3,16884.19,4,1876.021111111111,MK,1
C00031,166,2,20972.79,4,3495.465,MK,1
C00032,480,2,21544.98,4,3590.83,CYB,1
C00034,321,8,88960.36,5,4236.207619047619,MK,0
C00035,69,5,64971.66,5,3609.536666666667,CYB,0
C00036,62,2,13468.699999999999,5,2244.7833333333333,CYB,1
C00037,260,3,32684.91,5,3268.491,ST,1
C00038,151,4,86937.43000000001,4,6209.816428571429,MK,0
C00039,83,3,27815.850000000002,4,2781.585,TKO,1
C00040,104,3,38181.96000000001,5,3471.087272727273,ST,0
C00041,279,5,55283.82,5,3455.23875,MK,0
C00042,22,3,6058.8099999999995,5,1211.762,MK,1
C00043,81,1,525.53,1,525.53,TKO,1
C00044,111,2,54462.29,3,7780.327142857143,TKO,1
C00045,79,8,87512.03,5,3125.429642857143,CYB,0
C00046,70,3,13056.3,5,1632.0375,ST,1
C00047,628,4,45596.62,5,3507.432307692308,TKO,1
C00048,448,5,25669.08,5,1711.2720000000002,MK,1
C00049,4,6,182164.34,5,7590.180833333333,CYB,0
C00050,390,1,10302.52,2,5151.26,CYB,1
C00051,508,2,15209.410000000002,4,3041.8820000000005,TKO,1
C00052,85,3,34922.54,3,4988.934285714286,CYB,1
C00053,70,2,12070.0,4,2011.6666666666667,MK,1
C00054,124,3,18537.45,5,2317.18125,CYB,1
C00055,122,3,87880.95999999999,4,6760.073846153846,CYB,0
C00056,45,9,110132.73999999999,5,4078.99037037037,TKO,0
C00057,271,1,963.6,2,481.8,ST,1
C00058,237,2,9206.52,4,1841.304,TKO,1
C00059,13,5,36559.72,5,3046.6433333333334,ST,0
C00060,14,2,90801.2,5,9080.119999999999,ST,0
C00061,167,5,73436.1,5,5245.435714285714,CYB,0
C00062,123,2,15506.85,3,2584.475,CYB,1
C00063,88,6,66030.12,5,3001.3690909090906,CYB,0
C00064,146,7,123865.70999999999,5,5630.259545454545,TKO,0
C00065,621,4,66327.38,5,3901.6105882352945,CYB,1
C00066,4,7,78085.61,5,3253.5670833333334,MK,0
C00067,51,3,14090.57,5,1409.057,TKO,1
C00068,83,8,75179.07,5,4176.615000000001,MK,0
C00069,113,4,10570.49,5,1321.31125,TKO,1
C00070,26,4,43630.76,5,3966.4327272727273,CYB,0
C00071,4,4,18623.1,5,1551.925,ST,0
C00072,231,5,42607.05,3,4734.116666666667,MK,1
C00073,242,3,49693.6,5,4517.599999999999,ST,0
C00075,21,6,52680.0,5,2926.6666666666665,CYB,0
C00076,40,7,89636.89,5,4074.404090909091,CYB,0
C00077,200,2,21574.91,5,2397.2122222222224,ST,1
C00078,4,3,8927.3,5,1275.3285714285714,TKO,1
C00079,62,8,65862.07,4,3466.4247368421056,MK,0
C00080,61,3,5065.18,3,1266.295,CYB,1
C00081,98,9,124781.73,5,4302.818275862069,TKO,0
C00082,177,4,51201.939999999995,5,4654.721818181818,ST,0
C00083,312,1,14052.51,3,4684.17,CYB,1
C00084,37,4,13499.710000000001,4,1687.4637500000001,MK,1
C00085,29,2,33676.189999999995,4,5612.698333333333,TKO,1
C00086,144,4,44051.99,5,3388.6146153846153,MK,0
C00087,510,1,4807.02,2,1602.3400000000001,TKO,1
C00088,288,4,51532.84,5,4684.803636363636,MK,0
C00089,243,2,46630.11,4,6661.444285714286,CYB,1
C00090,456,2,48064.280000000006,3,6008.035000000001,ST,1
C00091,150,3,18790.95,5,2087.883333333333,TKO,1
C00092,9,7,66546.48,5,3697.0266666666666,MK,0
C00093,10,3,100201.73999999999,4,9109.24909090909,ST,0
C00094,100,6,116743.0,4,6485.722222222223,MK,0
C00095,13,5,11132.99,4,856.3838461538461,TKO,1
C00096,153,4,51400.840000000004,5,3953.9107692307693,MK,0
C00097,57,2,16583.49,3,1842.6100000000001,CYB,1
C00098,81,5,19441.31,4,1944.131,TKO,1
C00099,108,3,28522.17,4,2852.2169999999996,MK,1
C00100,104,4,20933.39,5,1610.2607692307693,MK,1
C00101,63,5,57710.560000000005,5,3394.738823529412,TKO,0
C00102,72,5,92920.88,4,5807.555,CYB,0
C00103,126,2,59453.53,4,7431.69125,CYB,0
C00104,102,4,58602.8,4,4185.914285714286,TKO,0
C00105,333,3,25556.38,5,2555.638,MK,1
C00106,53,3,55635.89,5,4636.324166666666,ST,0
C00107,69,5,10642.66,4,886.8883333333333,CYB,1
C00108,317,1,611.08,2,305.54,TKO,1
C00109,104,2,6236.59,3,1559.1475,TKO,1
C00111,42,2,39801.479999999996,4,6633.579999999999,MK,0
C00112,81,5,64454.19,5,4028.386875,MK,0
C00114,289,3,16082.84,5,2010.355,CYB,1
C00115,539,1,13462.68,3,3365.67,ST,1
C00116,18,1,9064.6,3,2266.15,TKO,1
C00117,32,5,52547.92,5,4042.147692307692,CYB,0
C00118,21,5,74081.68,5,4115.648888888889,MK,0
C00119,197,5,59057.3,4,3937.1533333333336,TKO,0
C00121,236,3,58668.119999999995,5,4889.009999999999,ST,0
C00122,138,1,2142.76,1,1071.38,MK,1
C00123,274,2,8083.33,4,1154.7614285714285,MK,1
C00124,24,4,26309.32,5,2192.443333333333,ST,0
C00125,9,5,18904.879999999997,5,1260.3253333333332,MK,0
C00126,199,4,33664.14,4,2805.345,ST,1
C00127,31,3,51047.28,4,5104.728,TKO,0
C00128,89,2,27312.02,4,5462.404,MK,1
C00129,149,3,27808.0,5,2780.8,TKO,1
C00130,452,2,6946.12,2,1736.53,ST,1
C00131,74,3,66258.47,4,6625.847,TKO,0
C00132,55,6,92951.12,5,5809.445,TKO,0
C00133,103,3,57384.04,5,4098.86,ST,0
C00134,261,6,61728.33,5,2469.1332,ST,0
C00135,76,4,32065.52,5,3206.552,CYB,0
C00136,464,3,23735.46,5,3390.7799999999997,ST,1
C00137,346,3,45732.729999999996,5,4573.272999999999,CYB,1
C00138,463,1,4466.88,2,1488.96,CYB,1
C00139,72,5,54996.35,5,4583.029166666666,ST,0
C00140,151,3,30860.72,4,3428.968888888889,ST,1
C00141,32,3,30103.78,4,3344.8644444444444,CYB,1
C00142,38,5,46713.44,5,3593.3415384615387,TKO,0
C00143,545,1,29745.68,2,7436.42,ST,1
C00144,34,5,43658.6,5,3638.2166666666667,MK,0
C00145,112,2,13813.05,4,2302.1749999999997,MK,1
C00146,60,1,802.18,1,802.18,TKO,1
C00147,398,2,126343.3,3,12634.33,MK,0
C00148,17,2,3630.51,4,907.6275,TKO,1
C00149,5,5,46558.55,5,2586.586111111111,MK,0
C00150,102,5,107245.5,5,5362.275,TKO,0
C00151,99,3,12557.19,3,2511.438,TKO,1
C00152,286,3,31793.61,4,3974.20125,MK,1
C00153,22,4,39342.369999999995,5,3278.530833333333,MK,0
C00154,97,3,69724.16,5,4980.297142857143,ST,0
C00155,84,2,14434.240000000002,4,2405.706666666667,MK,1
C00156,328,1,1244.98,2,622.49,MK,1
C00157,162,2,24703.06,4,4940.612,ST,1
C00158,32,3,3205.85,2,801.4625,ST,1
C00159,502,2,21324.120000000003,4,3554.0200000000004,TKO,1
C00160,32,3,29967.829999999998,3,4994.638333333333,MK,1
C00161,85,4,62907.46,5,4493.39,TKO,0
C00162,23,10,36207.82,5,1574.253043478261,TKO,0
C00163,88,3,39515.08,5,3951.5080000000003,CYB,0
C00164,224,5,18866.62,4,2695.2314285714283,ST,1
C00165,223,2,82116.3,4,8211.630000000001,MK,0
C00166,39,3,35574.86,3,5082.122857142857,TKO,1
C00167,157,1,1941.69,1,1941.69,TKO,1
C00168,137,5,59817.66,5,3738.60375,CYB,0
C00169,302,2,42898.77,4,6128.395714285713,MK,1
C00170,104,3,23951.89,5,2993.98625,CYB,1
C00171,51,3,10156.84,4,1269.605,ST,1
C00172,145,6,132462.58000000002,5,6307.741904761906,TKO,0
C00173,93,4,62821.96,3,4832.458461538461,MK,0
C00174,96,6,93170.58,4,5480.622352941176,CYB,0
C00175,58,2,34667.24,4,5777.873333333333,MK,1
C00176,272,3,29462.58,5,3273.6200000000003,MK,1
C00177,58,3,26650.510000000002,4,2422.7736363636363,MK,1
C00178,597,3,33713.619999999995,5,4816.231428571428,CYB,1
C00179,217,5,89251.67,5,4462.5835,ST,0
C00180,338,3,20651.82,4,2581.4775,MK,1
C00181,474,4,23769.020000000004,5,2160.82,MK,1
C00182,514,2,19936.44,3,3987.2879999999996,ST,1
C00183,43,5,23286.97,5,1791.3053846153848,TKO,0
C00184,164,2,9326.57,4,1165.82125,TKO,1
C00185,331,3,43241.200000000004,5,3603.433333333334,TKO,1
C00186,113,4,34827.19,5,3166.108181818182,TKO,0
C00187,75,3,51446.34,5,4287.195,MK,0
C00188,63,5,68839.59,5,3824.4216666666666,ST,0
C00189,67,3,66910.31,4,5146.946923076923,MK,0
C00190,374,2,55549.36,3,9258.226666666667,MK,1
C00191,571,2,44207.17,3,5525.89625,TKO,1
C00192,15,12,63912.49,5,2458.172692307692,ST,0
C00193,218,4,75745.0,5,6885.909090909091,TKO,0
C00194,88,5,129506.93,5,8094.183125,CYB,0
C00195,160,5,61383.27,5,3230.6984210526316,MK,0
C00196,147,2,3264.89,3,1088.2966666666666,CYB,1
C00198,87,6,60600.86,5,3189.518947368421,CYB,0
C00199,11,5,40101.69,5,2864.406428571429,TKO,0
C00200,83,4,39000.38,4,3250.0316666666663,CYB,0
C00201,16,4,103738.48000000001,3,8644.873333333335,ST,0
C00202,282,3,39235.59,4,4359.509999999999,ST,1
C00204,12,2,1169.04,3,292.26,TKO,1
C00205,112,2,49899.880000000005,3,8316.646666666667,MK,1
C00206,561,1,13760.22,3,4586.74,CYB,1
C00207,239,6,58323.659999999996,5,3430.8035294117644,TKO,0
C00208,298,4,74515.85,5,4139.769444444445,TKO,0
C00209,365,5,35640.17,5,2741.5515384615383,CYB,0
C00210,226,5,49611.45,5,3100.715625,MK,0
C00211,443,2,8274.18,4,1379.03,TKO,1
C00212,331,2,13877.38,3,2312.8966666666665,MK,1
C00213,165,7,64729.97,5,2489.6142307692307,MK,0
C00214,268,4,82620.03,5,4860.001764705882,TKO,0
C00215,145,9,130344.03,5,4655.143928571429,CYB,0
C00216,146,1,812.17,1,812.17,TKO,1
C00217,30,2,2823.91,2,705.9775,MK,1
C00218,49,6,157466.62,5,6561.109166666666,MK,0
C00219,98,5,52661.37,5,3761.526428571429,ST,0
C00220,346,2,4448.299999999999,3,741.3833333333332,ST,1
C00221,128,6,31306.27,5,1956.641875,TKO,0
C00222,83,1,11389.52,4,2847.38,TKO,1
C00223,8,6,54743.71,5,3649.5806666666667,TKO,0
C00224,510,3,36683.72,4,5240.5314285714285,MK,1
C00225,153,1,16304.56,3,4076.14,ST,1
C00226,265,3,27036.56,4,3004.0622222222223,CYB,1
C00227,85,2,18386.16,5,3064.36,ST,1
C00228,150,4,60002.21,5,4000.1473333333333,CYB,0
C00229,199,5,63610.38,5,4543.598571428572,TKO,0
C00230,202,3,74162.23999999999,4,7416.223999999999,ST,0
C00231,45,6,96148.87,4,4370.403181818182,CYB,0
C00232,58,3,52671.98,5,4051.6907692307695,CYB,0
C00233,35,8,93205.91,5,3213.996896551724,ST,0
C00234,179,3,40444.72,3,4493.857777777778,ST,1
C00236,198,4,61984.39,5,5165.365833333333,ST,0
C00237,49,3,45226.14,3,5025.126666666667,TKO,1
C00238,290,3,56568.36,4,4714.03,ST,1
C00239,6,2,42584.26,4,4731.584444444445,TKO,1
C00240,4,3,56792.97,3,7099.12125,ST,0
C00241,87,5,46359.06,5,3311.3614285714284,TKO,0
C00242,210,4,64057.219999999994,4,4927.4784615384615,TKO,0
C00243,17,4,61536.28,5,4733.5599999999995,TKO,0
C00244,377,2,6421.400000000001,2,1284.2800000000002,MK,1
C00245,552,1,3452.5499999999997,1,1150.85,CYB,1
C00246,565,2,19273.33,4,3854.666,MK,1
C00247,72,4,43678.46,5,3359.881538461538,ST,0
C00248,240,5,59484.82,4,4957.068333333334,TKO,0
C00250,12,6,49692.39,5,2760.6883333333335,MK,0
C00251,14,3,30345.239999999998,5,3793.1549999999997,MK,0
C00252,24,4,11879.0,3,1187.9,CYB,1
C00253,76,7,87143.32,5,4149.681904761905,TKO,0
C00254,178,3,44464.19,5,5558.02375,TKO,0
C00255,373,2,21719.92,4,3619.986666666666,MK,1
C00256,568,1,898.14,1,898.14,ST,1
C00257,91,7,19911.350000000002,5,1171.2558823529414,ST,0
C00258,175,6,59158.579999999994,5,3113.60947368421,TKO,0
C00260,338,2,44132.04,4,7355.34,CYB,1
C00261,385,3,7062.5599999999995,3,1177.0933333333332,MK,1
C00262,66,6,156891.4,5,6537.141666666666,MK,0
C00263,63,6,155384.8,4,5754.992592592592,TKO,0
C00264,91,4,51586.32,4,3968.1784615384613,MK,0
C00265,48,5,60178.159999999996,4,4298.44,MK,0
C00266,133,2,41091.950000000004,5,4109.195000000001,MK,1
C00267,47,1,2381.7599999999998,3,595.4399999999999,TKO,1
C00268,77,4,59929.829999999994,5,5448.166363636363,ST,0
C00269,6,4,133873.57,5,8367.098125,ST,0
C00270,36,5,47797.84,5,3186.5226666666663,ST,0
C00271,257,5,42421.939999999995,5,2356.7744444444443,TKO,0
C00272,65,6,82106.85,4,3909.8500000000004,MK,0
C00273,76,5,29502.35,5,2458.5291666666667,TKO,0
C00274,305,3,35752.979999999996,4,3250.270909090909,TKO,1
C00275,143,5,23157.22,5,1781.3246153846155,MK,0
C00276,38,5,83075.25,5,4886.779411764706,TKO,0
C00277,292,1,3982.83,3,1327.61,TKO,1
C00278,89,2,20692.5,5,2956.0714285714284,TKO,1
C00279,21,3,72399.66,4,6581.787272727273,MK,0
C00280,269,10,85372.79,5,2510.964411764706,TKO,0
C00281,141,6,53870.45,4,2835.286842105263,CYB,0
C00282,87,2,27289.2,4,4548.2,ST,1
C00283,247,4,66006.81,5,5077.446923076923,TKO,0
C00284,78,3,54454.69,4,4950.426363636364,TKO,0
C00285,256,2,16447.21,4,3289.442,MK,1
C00286,579,2,51244.520000000004,3,8540.753333333334,MK,1
C00287,615,3,47579.84,5,4325.44,ST,1
C00288,90,3,22860.469999999998,5,2540.052222222222,ST,1
C00289,38,5,50338.979999999996,5,3355.932,TKO,0
C00291,123,4,66713.07,5,4169.566875,CYB,0
C00292,104,4,50338.18,5,4194.848333333333,MK,0
C00293,134,4,20229.469999999998,5,2022.9469999999997,MK,1
C00294,57,3,20152.58,4,2878.94,MK,1
C00296,650,1,110.24,1,110.24,CYB,1
C00297,626,2,13652.82,3,2275.47,CYB,1
C00298,22,6,159210.62,5,7960.531,ST,0
C00299,160,3,12855.320000000002,3,1606.9150000000002,MK,1
C00300,114,5,49566.240000000005,5,3097.8900000000003,MK,0
C00301,75,4,29909.65,5,2719.059090909091,MK,0
C00302,288,2,3326.24,3,554.3733333333333,MK,1
C00303,162,1,19206.8,3,4801.7,MK,1
C00304,209,4,45643.18,4,4149.38,MK,1
C00305,65,4,25137.14,3,2513.714,ST,1
C00306,73,3,28917.27,3,4819.545,MK,1
C00307,118,5,63674.1,4,4898.007692307692,MK,0
C00308,82,5,16457.99,4,1496.1809090909092,CYB,1
C00309,68,3,48263.27,5,4826.326999999999,TKO,0
C00310,95,5,64815.69,5,3812.6876470588236,CYB,0
C00311,252,4,56120.86,4,4008.632857142857,TKO,0
C00312,468,3,27059.879999999997,4,3865.6971428571424,TKO,1
C00313,192,4,12596.009999999998,4,1145.091818181818,ST,1
C00314,196,5,70880.3,4,5062.878571428571,CYB,0
C00315,366,1,34582.92,2,8645.73,CYB,1
C00316,280,4,32367.59,4,2942.508181818182,TKO,1
C00317,24,7,46565.619999999995,5,2024.5921739130433,CYB,0
C00318,257,1,25401.32,2,6350.33,TKO,1
C00319,48,6,95086.92,5,4527.948571428571,ST,0
C00320,120,5,39861.439999999995,5,3066.264615384615,TKO,0
C00321,146,5,77377.81,3,4836.113125,MK,0
C00322,128,3,24654.64,4,3081.83,TKO,1
C00323,18,3,24682.219999999998,4,3085.2774999999997,ST,1
C00324,134,7,147688.13999999998,5,5907.525599999999,TKO,0
C00325,59,7,139623.91,5,5584.9564,MK,0
C00326,99,4,13249.11,4,1472.1233333333334,TKO,1
C00327,75,8,57849.69,5,3213.871666666667,MK,0
C00328,321,2,27502.559999999998,4,4583.759999999999,CYB,1
C00329,141,3,47772.1,5,3981.008333333333,TKO,0
C00330,470,3,15495.11,5,1721.6788888888889,TKO,1
C00331,222,4,26439.71,4,3777.1014285714286,TKO,1
C00332,12,4,41111.95,5,3737.45,ST,0
C00333,366,2,37992.28,4,4749.035,TKO,1
C00334,141,7,163488.93,5,6055.145555555555,TKO,0
C00335,189,5,40286.89,5,3098.9915384615383,CYB,0
C00336,122,5,92447.77,4,6163.184666666667,MK,0
C00337,21,7,121989.54,5,5809.025714285714,ST,0
C00338,150,3,70078.59,5,5839.8825,ST,0
C00339,33,4,38142.89,5,3178.5741666666668,MK,0
C00340,24,3,64595.67,4,7177.296666666666,MK,0
C00341,113,4,18648.31,5,1695.3009090909093,CYB,1
C00342,296,2,3745.6400000000003,3,624.2733333333334,MK,1
C00343,103,6,95482.59,5,3978.44125,TKO,0
C00344,373,3,51650.78999999999,4,5738.976666666666,MK,1
C00345,109,4,52344.19,4,4026.476153846154,TKO,0
C00346,48,6,42605.96,5,2506.2329411764704,TKO,0
C00347,624,1,123.3,1,123.3,MK,1
C00348,210,5,86751.06999999999,5,4565.845789473684,CYB,0
C00349,539,3,39549.090000000004,5,3595.3718181818185,TKO,1
C00350,126,5,72038.52,4,4802.568,ST,0
C00351,168,3,29980.350000000002,5,3331.15,CYB,1
C00352,216,4,30101.96,5,2508.4966666666664,ST,1
C00353,16,6,104180.70999999999,5,4960.98619047619,ST,0
C00354,153,5,39704.72,4,3054.209230769231,CYB,0
C00355,126,2,12640.24,4,1805.7485714285715,TKO,1
C00356,1,5,35106.4,5,2194.15,TKO,0
C00357,197,6,63349.6,5,3519.422222222222,CYB,0
C00358,337,3,38129.759999999995,5,4236.639999999999,MK,1
C00359,32,3,24508.39,4,3063.54875,CYB,1
C00360,207,5,112566.79,5,5924.5678947368415,TKO,0
C00361,382,4,67585.84000000001,4,5632.153333333335,TKO,0
C00362,64,2,7332.08,3,1466.416,TKO,1
C00363,418,2,17078.760000000002,3,3415.7520000000004,TKO,1
C00364,94,2,40726.479999999996,4,5090.8099999999995,CYB,1
C00365,73,4,32328.69,4,2938.971818181818,CYB,1
C00366,93,4,33367.3,5,2383.378571428572,ST,0
C00367,263,2,3507.1899999999996,3,1169.0633333333333,TKO,1
C00368,62,4,17091.1,5,1553.7363636363634,CYB,1
C00369,68,2,11571.06,4,1928.51,TKO,1
C00370,423,3,17502.26,5,1750.2259999999999,TKO,1
C00371,570,1,7038.480000000001,2,2346.1600000000003,MK,1
C00372,3,4,115226.37,5,6778.021764705882,TKO,0
C00373,59,1,19827.5,3,3965.5,CYB,1
C00374,120,4,52118.93,5,3722.780714285714,MK,0
C00375,141,2,33149.31,3,5524.884999999999,CYB,1
C00376,270,2,30510.75,4,4358.678571428572,TKO,1
C00377,5,5,60272.08,4,3172.214736842105,TKO,0
C00378,91,7,78302.58,5,3915.129,CYB,0
C00379,107,3,40788.14,3,5098.5175,TKO,1
C00380,14,5,122632.58,5,6454.346315789474,ST,0
C00381,178,7,112112.70000000001,5,5096.031818181818,TKO,0
C00382,35,2,11166.64,3,2791.66,TKO,1
C00383,89,5,118259.26,5,6956.4270588235295,MK,0
C00384,97,8,72670.06,4,2595.3592857142858,TKO,0
C00385,2,4,69093.40000000001,5,5757.783333333334,ST,0
C00386,266,3,77466.19,4,8607.354444444445,MK,0
C00387,152,6,59584.81,5,2979.2405,CYB,0
C00388,193,2,23124.28,3,5781.07,ST,1
C00389,579,1,7247.579999999999,3,2415.8599999999997,ST,1
C00390,47,3,23270.18,4,2327.018,CYB,1
C00391,82,2,18231.6,3,3038.6,ST,1
C00392,154,4,33394.99,5,2782.915833333333,ST,0
C00393,16,5,122029.22,4,7178.189411764706,TKO,0
C00394,71,2,11066.43,5,1844.405,CYB,1
C00395,81,6,77536.67,5,4307.592777777778,ST,0
C00396,18,4,15342.09,4,1704.6766666666667,ST,1
C00397,209,4,74560.65999999999,5,5735.435384615384,TKO,0
C00398,26,3,9222.12,3,922.2120000000001,ST,1
C00399,298,3,45486.340000000004,4,5054.0377777777785,CYB,1
C00400,48,6,57220.96,5,2724.807619047619,CYB,0
C00401,120,7,120457.13,5,6022.8565,TKO,0
C00402,32,7,40060.13,5,2861.437857142857,MK,0
C00403,127,4,69006.82,5,4600.454666666667,CYB,0
C00404,71,6,65536.43,5,4096.026875,TKO,0
C00405,288,3,39793.16,3,6632.193333333334,CYB,1
C00406,103,3,17876.26,5,1787.6259999999997,CYB,1
C00407,331,4,54784.57,4,4214.197692307693,MK,1
C00408,172,5,109580.89,5,6445.934705882353,TKO,0
C00409,225,4,26060.71,4,2606.071,CYB,1
C00410,568,1,519.42,2,259.71,TKO,1
C00411,42,7,118158.54,5,5907.927,MK,0
C00412,187,4,16958.03,5,1413.1691666666666,TKO,1
C00413,187,3,67581.42,3,6758.142,ST,0
C00415,177,3,44918.58,4,4491.858,TKO,1
C00416,170,3,51832.25,3,6479.03125,MK,1
C00417,279,1,1154.22,3,384.74,MK,1
C00418,481,2,23536.28,5,3362.325714285714,CYB,1
C00419,410,2,6952.78,4,772.531111111111,ST,1
C00420,253,3,13216.919999999998,4,1888.1314285714284,TKO,1
C00421,85,8,56837.630000000005,5,2706.55380952381,MK,0
C00422,17,2,6563.67,4,1312.734,ST,1
C00423,144,5,71142.02,5,4446.37625,ST,0
C00424,33,4,12441.25,5,1555.15625,CYB,1
C00426,278,1,9712.89,3,3237.6299999999997,MK,1
C00427,33,4,87275.94,5,5133.878823529412,TKO,0
C00428,154,5,21720.559999999998,5,2172.0559999999996,TKO,0
C00429,23,3,20755.219999999998,5,2075.522,TKO,1
C00430,130,3,16887.13,5,2412.447142857143,MK,1
C00431,269,2,14641.249999999998,4,1464.1249999999998,MK,1
C00432,24,5,85826.27,4,5721.751333333334,MK,0
C00433,503,2,237.56,1,118.78,CYB,1
C00434,97,1,2282.07,2,760.69,TKO,1
C00435,132,5,26325.94,5,2193.8283333333334,CYB,0
C00436,42,7,72155.12,4,3279.7781818181816,TKO,0
C00437,81,4,30525.76,4,3815.72,MK,1
C00438,18,4,57838.55,3,8262.65,MK,0
C00439,363,1,26230.8,3,6557.7,MK,1
C00440,43,4,16200.31,4,1800.0344444444445,ST,1
C00441,476,5,22124.01,5,2458.2233333333334,TKO,1
C00442,348,3,18725.66,4,1872.566,TKO,1
C00443,424,3,78814.59,5,6062.660769230769,MK,0
C00444,624,1,13278.54,2,4426.18,TKO,1
C00445,15,7,75359.01,5,4186.611666666667,TKO,0
C00446,56,8,109280.54000000001,5,4751.3278260869565,TKO,0
C00447,301,7,38519.46,5,2027.34,CYB,0
C00448,30,6,79384.64,5,4178.138947368421,MK,0
C00449,37,2,50863.08,5,5651.453333333334,TKO,0
C00451,223,9,110319.96,5,3804.1365517241384,MK,0
C00452,374,3,48007.28999999999,4,4800.728999999999,CYB,1
C00453,54,2,8543.3,2,2847.7666666666664,TKO,1
C00454,30,3,36582.14,5,3658.214,MK,0
C00455,60,4,42421.37,5,3535.1141666666667,TKO,0
C00456,324,1,205.6,1,205.6,CYB,1
C00457,187,3,45594.79,5,5066.087777777778,CYB,0
C00458,82,3,6733.459999999999,4,748.1622222222221,TKO,1
C00459,277,3,32021.08,4,2911.0072727272727,TKO,1
C00460,134,2,26201.07,4,4366.845,MK,1
C00461,213,2,18329.93,1,6109.9766666666665,CYB,1
C00462,28,5,32783.21,4,2980.291818181818,CYB,0
C00463,36,5,53299.42,4,4845.401818181818,CYB,0
C00464,96,3,11175.84,3,1241.76,CYB,1
C00465,48,5,68410.19,5,4560.6793333333335,MK,0
C00466,156,6,37135.18,5,1954.483157894737,CYB,0
C00467,50,8,97211.56999999999,5,4629.122380952381,CYB,0
C00468,299,2,11306.36,5,1615.1942857142858,TKO,1
C00469,124,5,44247.93,5,3687.3275,MK,0
C00470,155,4,24290.68,4,2698.9644444444443,TKO,1
C00471,133,4,57094.0,4,4757.833333333333,ST,0
C00472,0,7,146170.98,5,5846.8392,TKO,0
C00473,65,4,52902.090000000004,5,4408.507500000001,CYB,0
C00474,47,7,47625.08,5,2801.475294117647,TKO,0
C00475,233,2,13705.099999999999,3,2284.183333333333,MK,1
C00476,137,5,19333.24,5,1933.324,MK,0
C00477,138,4,61990.99999999999,4,4768.538461538461,TKO,0
C00478,122,2,50788.66,3,7255.522857142858,CYB,1
C00479,139,5,33159.26,5,2072.45375,MK,0
C00480,71,5,88013.81,5,4400.6905,ST,0
C00482,134,3,49421.880000000005,4,4118.490000000001,CYB,1
C00483,569,2,50690.47,3,10138.094000000001,ST,1
C00484,326,3,47761.340000000004,4,3673.9492307692312,MK,1
C00485,108,5,73294.79000000001,4,4580.9243750000005,TKO,0
C00486,220,5,34137.090000000004,5,2438.3635714285715,CYB,0
C00487,395,4,15833.58,4,1759.2866666666666,TKO,1
C00488,3,7,120184.5,5,5723.071428571428,CYB,0
C00489,546,1,44467.84,3,11116.96,TKO,1
C00490,352,2,25439.87,3,4239.9783333333335,CYB,1
C00491,88,2,48215.26,3,8035.876666666667,MK,1
C00492,46,5,66451.25,4,3908.8970588235293,MK,0
C00493,222,4,156158.24,5,10410.549333333332,CYB,0
C00494,286,4,37950.439999999995,5,3795.0439999999994,ST,0
C00495,11,5,51692.99,5,2871.8327777777777,TKO,0
C00496,312,1,30270.88,3,7567.72,ST,1
C00497,48,3,21791.14,5,2723.8925,ST,1
C00498,55,5,65953.42,5,4396.894666666666,MK,0
C00499,681,1,1104.9,2,552.45,MK,1
C00500,7,5,35693.049999999996,4,2974.420833333333,TKO,0
C00501,211,3,3412.3599999999997,2,682.472,MK,1
C00502,209,4,64659.33,4,4310.622,MK,0
C00503,13,4,44622.17,4,4462.217,CYB,0
C00504,105,3,40675.78999999999,5,3697.7990909090904,TKO,0
C00505,382,3,19443.09,5,1944.309,TKO,1
C00506,84,5,74851.07999999999,5,4990.071999999999,ST,0
C00507,165,7,93972.58,5,3915.5241666666666,TKO,0
C00508,228,3,3856.33,3,964.0825,CYB,1
C00509,465,3,45503.8,5,4136.709090909091,MK,1
C00510,103,5,77817.59,4,5558.399285714286,CYB,0
C00511,48,4,23585.29,4,2620.587777777778,ST,1
C00512,8,4,67099.74,4,3947.043529411765,ST,0
C00513,176,4,83676.44,5,5976.888571428572,MK,0
C00514,104,6,51219.84,4,3658.56,CYB,0
C00515,43,8,58483.04,5,2924.152,MK,0
C00516,235,3,68181.02,4,9740.145714285714,ST,0
C00517,63,1,7058.4400000000005,2,3529.2200000000003,ST,1
C00518,8,8,42834.79,5,1947.0359090909092,MK,0
C00519,26,5,46022.27,4,4183.842727272727,TKO,0
C00520,6,6,74376.82,5,4958.454666666667,TKO,0
C00521,259,1,13916.550000000001,3,4638.85,CYB,1
C00522,57,2,66573.01,2,9510.429999999998,CYB,0
C00523,220,1,1664.28,2,554.76,MK,1
C00524,116,2,17155.660000000003,3,3431.1320000000005,MK,1
C00525,220,3,4801.44,4,800.2399999999999,MK,1
C00526,37,10,187149.97,5,4798.717179487179,TKO,0
C00527,8,3,44470.93,5,4042.811818181818,ST,0
C00528,11,5,85927.88,5,5728.525333333334,MK,0
C00529,13,2,6492.150000000001,3,2164.05,CYB,1
C00530,289,3,69607.65000000001,4,6327.9681818181825,TKO,0
C00531,126,2,41044.840000000004,5,4560.5377777777785,ST,0
C00532,89,4,27755.219999999998,5,2312.935,ST,0
C00533,4,2,18054.54,4,2579.2200000000003,ST,1
C00534,139,7,136612.45,5,4710.774137931035,CYB,0
C00535,171,6,91083.56999999999,5,4793.872105263157,MK,0
C00536,266,3,23468.44,3,4693.688,TKO,1
C00537,212,3,48617.479999999996,4,4861.748,TKO,1
C00538,496,2,3934.1800000000003,4,786.836,MK,1
C00539,552,2,60888.58,5,8698.368571428571,CYB,0
C00540,8,5,38390.45,3,3490.040909090909,ST,0
C00541,76,5,99803.65,5,5544.647222222222,MK,0
C00542,353,6,43878.74,5,2742.42125,TKO,0
C00543,493,1,414.06,1,414.06,MK,1
C00544,45,4,57162.47,5,3572.654375,ST,0
C00545,175,6,67131.51999999999,4,4795.108571428571,TKO,0
C00546,11,3,86190.48,5,7835.498181818181,ST,0
C00547,428,5,29587.62,5,2465.6349999999998,CYB,1
C00548,186,3,44861.46,4,4486.146,CYB,1
C00549,143,5,88455.12000000001,5,4914.173333333334,CYB,0
C00550,527,5,31689.309999999998,5,2263.5221428571426,TKO,1
C00551,76,2,52666.63,4,8777.771666666666,MK,0
C00552,219,2,8008.219999999999,4,1334.7033333333331,CYB,1
C00553,112,4,61843.52,4,4757.193846153846,TKO,0
C00554,418,1,7925.43,3,2641.81,TKO,1
C00555,43,7,135794.93,5,5222.881923076923,TKO,0
C00556,46,3,38237.9,5,3186.491666666667,CYB,0
C00557,304,1,1951.58,1,1951.58,ST,1
C00558,116,8,46308.75,5,2724.044117647059,TKO,0
C00559,4,3,9231.77,5,1153.97125,TKO,1
C00560,45,3,4867.089999999999,3,973.4179999999999,ST,1
C00561,19,5,95180.55,5,5948.784375,TKO,0
C00562,3,3,30814.449999999997,4,2567.870833333333,CYB,1
C00563,6,3,7422.539999999999,3,1855.6349999999998,MK,1
C00565,315,3,60019.649999999994,5,6668.849999999999,TKO,0
C00566,11,4,136598.95,4,8537.434375,TKO,0
C00567,360,2,16871.34,4,2410.191428571429,TKO,1
C00568,306,2,24460.38,3,4892.076,TKO,1
C00569,51,5,99424.62,3,6628.308,TKO,0
C00570,444,1,16695.079999999998,4,4173.7699999999995,TKO,1
C00571,148,5,27293.989999999998,5,2274.4991666666665,ST,0
C00572,218,1,13792.74,2,4597.58,CYB,1
C00573,226,2,1961.73,2,653.91,CYB,1
C00574,69,5,45660.86,5,2536.7144444444443,ST,0
C00575,159,4,7245.32,4,658.6654545454545,MK,1
C00576,159,3,23619.99,5,2624.4433333333336,ST,1
C00577,13,5,21978.1,4,1569.8642857142856,MK,1
C00578,117,2,48053.39,4,6864.7699999999995,TKO,0
C00579,551,2,34401.36,3,4300.17,CYB,1
C00580,70,2,215.01999999999998,2,107.50999999999999,ST,1
C00581,9,3,15105.539999999999,5,1888.1924999999999,ST,1
C00582,121,3,24628.440000000002,4,2238.949090909091,TKO,1
C00583,268,1,9810.3,3,1962.06,TKO,1
C00584,59,1,3998.04,2,1332.68,TKO,1
C00585,38,5,33418.5,5,2088.65625,CYB,0
C00586,142,7,23595.03,5,1387.9429411764704,TKO,0
C00587,573,2,5682.76,4,947.1266666666667,TKO,1
C00588,325,3,41274.659999999996,5,3174.973846153846,MK,1
C00589,237,5,21417.66,5,1647.5123076923078,MK,1
C00590,41,9,113963.11,5,4220.855925925926,ST,0
C00591,381,1,5711.61,2,1903.87,CYB,1
C00592,225,3,30469.730000000003,5,2769.975454545455,TKO,1
C00593,256,4,41312.83,5,2754.188666666667,CYB,0
C00594,87,7,83177.44,5,4158.872,CYB,0
C00595,76,4,12865.369999999999,5,1608.1712499999999,MK,1
C00596,298,3,4206.86,3,1051.715,MK,1
C00597,66,8,100778.74,5,3876.105384615385,CYB,0
C00599,38,6,56207.479999999996,5,2958.2884210526313,MK,0
C00600,204,5,75127.56,5,5008.504,TKO,0
C00601,23,4,18655.04,4,1865.5040000000001,ST,1
C00602,177,3,41851.88,5,3804.7163636363634,MK,0
C00603,491,3,39952.15,5,4439.127777777778,MK,1
C00604,109,7,85399.34,4,3558.3058333333333,CYB,0
C00605,7,10,113790.55,5,4551.622,CYB,0
C00606,439,3,34197.28,4,3419.728,MK,1
C00607,62,3,12526.14,4,2505.228,CYB,1
C00609,245,3,21759.89,4,2175.989,MK,1
C00610,329,2,51165.95,3,7309.421428571428,ST,1
C00611,12,4,52872.19,5,3524.8126666666667,ST,0
C00612,631,1,68311.45000000001,2,13662.290000000003,MK,1
C00613,230,3,11893.72,5,1699.1028571428571,TKO,1
C00614,13,6,23619.56,5,1816.8892307692308,MK,0
C00615,149,2,44837.62,3,7472.936666666667,MK,1
C00616,72,4,85315.24,5,5018.543529411765,MK,0
C00617,141,4,8321.61,4,924.6233333333334,TKO,1
C00618,273,2,15164.84,3,2527.4733333333334,CYB,1
C00619,60,5,58243.39,5,3640.211875,MK,0
C00620,45,3,2855.0600000000004,3,475.8433333333334,CYB,1
C00621,101,8,46178.11,5,2565.4505555555556,CYB,0
C00622,12,4,17383.93,5,1738.393,MK,0
C00623,59,10,138627.63999999998,5,4620.921333333333,CYB,0
C00624,155,4,20623.28,3,2946.182857142857,MK,1
C00625,32,4,39742.490000000005,5,3311.874166666667,CYB,0
C00626,91,2,28782.46,4,4797.076666666667,TKO,1
C00627,163,1,3724.6400000000003,2,1862.3200000000002,CYB,1
C00628,261,5,38002.15,5,2533.476666666667,MK,0
C00629,300,4,94947.85,5,5274.8805555555555,TKO,0
C00630,101,3,5699.429999999999,3,814.2042857142857,MK,1
C00631,21,3,30016.28,4,3001.6279999999997,ST,1
C00632,383,1,8175.48,3,2725.16,MK,1
C00633,104,3,26151.93,5,3268.99125,ST,1
C00634,181,4,44570.60999999999,4,3714.2174999999993,CYB,1
C00635,108,2,5433.9,2,1811.3,MK,1
C00636,83,5,80692.01000000001,4,5379.467333333334,TKO,0
C00637,129,4,45449.49,4,4544.949,MK,0
C00638,19,3,20217.77,4,4043.554,CYB,1
C00639,445,3,20712.620000000003,5,2958.9457142857145,MK,1
C00640,62,6,46311.13,4,2724.184117647059,ST,0
C00641,539,1,17215.8,2,5738.599999999999,TKO,1
C00642,100,4,77065.47,4,7005.951818181818,MK,0
C00643,100,5,54006.9,3,4500.575,MK,0
C00644,198,4,39252.28,5,3019.4061538461538,TKO,0
C00645,58,5,29040.95,5,2904.0950000000003,ST,0
C00646,13,7,85101.19,4,3868.235909090909,TKO,0
C00647,317,3,14304.759999999998,2,3576.1899999999996,TKO,1
C00648,55,3,12862.11,4,2143.685,ST,1
C00649,418,1,676.23,1,676.23,TKO,1
C00650,230,2,104273.26999999999,3,13034.158749999999,ST,0
C00651,121,9,171311.55,5,5353.4859375,TKO,0
C00652,262,3,83877.31,4,6989.775833333333,ST,0
C00653,134,2,37861.96,5,5408.851428571428,MK,0
C00654,90,3,79202.72,4,7920.272,TKO,0
C00655,361,2,4965.389999999999,2,2482.6949999999997,CYB,1
C00656,320,2,42364.67999999999,5,5295.584999999999,ST,1
C00657,185,2,38949.91,4,4868.73875,MK,1
C00658,16,7,144968.22,5,5798.7288,MK,0
C00659,323,3,17207.34,4,2150.9175,TKO,1
C00660,273,4,13534.23,5,1353.423,ST,1
C00661,10,5,81552.81,5,4797.224117647059,CYB,0
C00662,122,3,7605.450000000001,3,1267.575,TKO,1
C00663,280,2,40439.06,2,10109.765,MK,1
C00664,460,1,10208.070000000002,3,3402.6900000000005,MK,1
C00665,615,2,14165.61,3,2360.935,TKO,1
C00666,0,8,152518.29,4,5866.088076923077,TKO,0
C00667,12,5,58761.89,5,3917.4593333333332,MK,0
C00668,249,4,110383.45999999999,3,7884.532857142856,CYB,0
C00669,8,3,21963.25,4,3660.5416666666665,MK,1
C00670,6,4,29536.63,5,1640.923888888889,MK,0
C00671,13,4,41410.04,5,3185.3876923076923,CYB,0
C00672,7,4,63508.17,5,4885.243846153846,MK,0
C00673,177,5,87531.16,4,5148.891764705882,ST,0
C00674,217,4,127121.53,5,7062.307222222222,CYB,0
C00675,3,6,44019.78,5,3144.27,ST,0
C00676,578,2,2745.5600000000004,3,686.3900000000001,TKO,1
C00677,479,1,67.23,1,67.23,MK,1
C00678,196,2,70789.36,3,8848.67,CYB,0
C00679,90,3,47850.96,4,5316.7733333333335,CYB,0
C00680,527,2,16821.77,2,4205.4425,TKO,1
C00681,224,4,87081.9,5,5442.61875,ST,0
C00682,605,1,14522.34,2,4840.78,CYB,1
C00683,81,6,80393.54999999999,4,4231.23947368421,CYB,0
C00684,126,7,174445.66999999998,5,7268.569583333333,MK,0
C00685,35,5,20573.74,5,1469.5528571428572,MK,0
C00686,349,3,11402.199999999999,3,1900.3666666666666,TKO,1
C00687,79,2,21103.73,3,5275.9325,CYB,1
C00688,16,1,998.8,1,998.8,ST,1
C00689,532,1,588.78,2,294.39,CYB,1
C00690,287,5,8013.71,4,1001.71375,TKO,1
C00691,87,6,134763.52000000002,5,5859.283478260871,TKO,0
C00692,495,2,25591.61,4,5118.322,CYB,1
C00693,282,3,2083.96,4,416.79200000000003,CYB,1
C00694,114,8,91420.03,5,4155.455909090909,ST,0
C00695,153,3,10854.689999999999,3,1206.0766666666666,TKO,1
C00696,221,2,23286.47,4,3326.6385714285716,ST,1
C00697,3,5,50757.7,5,2985.747058823529,TKO,0
C00698,234,1,29201.96,3,7300.49,CYB,1
C00699,178,4,61837.62,4,6183.762000000001,TKO,0
C00700,3,9,181921.88999999998,5,6497.210357142857,ST,0
C00701,44,4,17916.949999999997,3,2239.6187499999996,CYB,1
C00702,48,3,12848.2,4,1606.025,ST,1
C00704,87,4,38039.61,4,3458.1463636363637,MK,0
C00705,342,4,19984.02,4,2220.4466666666667,TKO,1
C00706,274,4,53250.14,5,4096.164615384615,CYB,0
C00707,82,5,17640.75,5,1470.0625,ST,0
C00708,364,2,46382.36,3,5797.795,CYB,1
C00709,378,5,51079.19,4,3405.2793333333334,ST,1
C00710,522,3,46479.84,4,5164.426666666666,TKO,1
C00711,125,8,45550.38,5,2169.065714285714,TKO,0
C00712,6,2,5385.32,2,2692.66,TKO,1
C00713,284,1,12637.3,3,2527.46,TKO,1
C00714,46,3,29742.560000000005,5,2974.2560000000003,MK,0
C00715,30,4,58549.91,5,3903.3273333333336,CYB,0
C00716,113,6,52698.399999999994,5,2927.6888888888884,MK,0
C00717,334,4,40616.600000000006,5,2901.1857142857148,ST,1
C00718,55,3,33482.61,4,4185.32625,TKO,1
C00719,79,3,25545.46,4,3649.3514285714286,TKO,1
C00720,361,4,39933.229999999996,5,2852.3735714285713,TKO,1
C00721,347,2,35203.49,4,3911.498888888889,TKO,1
C00722,69,1,611.08,2,305.54,ST,1
C00723,74,1,484.96,1,484.96,TKO,1
C00724,36,3,14443.13,3,2407.188333333333,CYB,1
C00725,33,4,65825.76,5,5063.5199999999995,CYB,0
C00726,186,4,92903.61,5,4889.663684210526,TKO,0
C00727,88,2,15855.9,3,3963.975,MK,1
C00728,147,3,46976.91,5,4270.628181818182,TKO,0
C00729,45,2,1406.87,3,468.95666666666665,CYB,1
C00730,223,2,6498.74,4,1299.748,TKO,1
C00731,257,2,24033.559999999998,4,3433.365714285714,ST,1
C00732,25,3,11309.9,5,1413.7375,TKO,1
C00733,183,6,88328.1,4,5195.770588235295,ST,0
C00734,34,5,105932.69,5,6620.793125,CYB,0
C00735,333,3,51570.47,5,4688.2245454545455,TKO,0
C00736,4,2,16105.84,5,2300.8342857142857,MK,1
C00737,8,6,45319.9,5,3237.1357142857146,MK,0
C00738,167,4,67914.56,5,4851.04,CYB,0
C00739,401,4,51185.18,4,3937.3215384615387,CYB,1
C00740,23,3,36892.159999999996,4,5270.308571428571,MK,0
C00741,562,1,11011.48,3,2752.87,CYB,1
C00742,141,6,42396.12,5,2649.7575,CYB,0
C00743,16,6,71954.12,5,4497.1325,CYB,0
C00744,447,2,50311.619999999995,3,8385.269999999999,MK,1
C00745,320,2,56287.92,5,6254.213333333333,TKO,0
C00746,256,2,10648.57,3,1183.1744444444444,ST,1
C00747,214,3,6554.82,5,936.4028571428571,CYB,1
C00748,32,7,47159.57,5,2774.0923529411766,TKO,0
C00749,249,3,53840.24999999999,4,4894.568181818181,MK,1
C00750,39,6,118159.27,4,6218.908947368422,ST,0
C00751,172,2,16903.32,3,3380.6639999999998,TKO,1
C00752,61,4,30938.839999999997,5,2578.236666666666,CYB,0
C00753,203,7,91025.25,5,5354.426470588235,MK,0
C00754,116,6,70798.46,5,3371.3552380952383,TKO,0
C00755,285,5,139809.50999999998,4,7767.194999999999,MK,0
C00756,183,4,7412.8,5,1058.9714285714285,CYB,1
C00757,243,2,8330.3,3,925.5888888888888,CYB,1
C00758,17,5,11434.660000000002,5,1633.5228571428574,ST,0
C00759,41,4,41796.520000000004,4,3215.1169230769233,CYB,0
C00760,42,2,27175.020000000004,3,4529.170000000001,CYB,1
C00761,491,3,17846.71,5,2549.5299999999997,MK,1
C00762,213,5,86764.19,5,3943.8268181818185,ST,0
C00763,226,2,1870.6,3,467.65,CYB,1
C00764,69,5,37937.909999999996,5,2709.850714285714,CYB,0
C00765,146,4,67215.19,5,5170.399230769231,ST,0
C00766,66,5,116104.64,5,6110.7705263157895,CYB,0
C00767,615,2,1804.61,2,451.1525,MK,1
C00768,54,7,68268.48,5,3792.693333333333,CYB,0
C00769,54,4,62159.8,5,5179.983333333334,ST,0
C00770,39,7,74678.13,5,2872.2357692307696,TKO,0
C00771,109,2,330.72,2,165.36,MK,1
C00772,3,5,93136.26000000001,5,4901.908421052632,MK,0
C00773,68,5,73662.77,5,4603.923125,TKO,0
C00774,101,3,31383.01,5,2853.000909090909,MK,1
C00775,16,6,82014.23,5,3905.4395238095235,TKO,0
C00776,226,5,54427.92,5,3201.6423529411763,TKO,0
C00777,454,3,56063.31,5,4671.9425,TKO,1
C00778,150,6,174732.13,5,6989.2852,CYB,0
C00779,342,1,37331.56,3,9332.89,CYB,1
C00780,13,3,51386.6,5,4671.50909090909,TKO,0
C00781,215,2,11256.420000000002,5,1876.0700000000004,TKO,1
C00782,111,5,97428.53,5,5127.817368421052,ST,0
C00783,196,7,51500.24,4,3218.765,CYB,0
C00784,561,2,25147.41,4,3592.4871428571428,ST,1
C00785,203,8,64741.25,5,2589.65,ST,0
C00786,105,3,25475.66,5,2315.969090909091,MK,1
C00787,513,3,35329.02,5,4416.1275,TKO,1
C00788,457,2,38690.520000000004,3,5527.217142857144,CYB,1
C00789,118,2,37693.200000000004,4,6282.200000000001,CYB,1
C00791,577,1,27924.92,3,6981.23,ST,1
C00792,201,3,41838.469999999994,4,5229.808749999999,TKO,1
C00793,64,3,15883.710000000001,3,2647.2850000000003,MK,1
C00794,268,3,23784.09,5,2378.409,TKO,1
C00795,73,2,45009.270000000004,3,9001.854000000001,TKO,0
C00796,172,5,116638.19,5,8331.299285714285,ST,0
C00797,49,5,47123.93,4,2771.9958823529414,TKO,0
C00798,103,2,3647.62,4,911.905,ST,1
C00799,60,7,181337.11000000002,5,7884.222173913045,CYB,0
C00800,94,8,56180.229999999996,5,2442.6186956521738,ST,0
C00801,478,4,53036.94,5,4821.54,CYB,0
C00802,291,2,24649.429999999997,5,3521.3471428571424,ST,1
C00803,122,6,176714.44,4,9300.76,TKO,0
C00804,18,4,43472.17999999999,5,2717.0112499999996,TKO,0
C00805,26,4,11080.08,4,1385.01,ST,1
C00806,124,2,20805.75,3,3467.625,TKO,1
C00807,157,6,64054.409999999996,4,4575.315,TKO,0
C00808,141,5,48433.11,5,2849.0064705882355,MK,0
C00809,32,3,16799.13,5,1866.5700000000002,CYB,1
C00810,3,10,98951.12,5,3805.8123076923075,TKO,0
C00811,20,7,91992.2,5,4380.580952380952,TKO,0
C00812,13,5,23000.2,5,1916.6833333333334,ST,0
C00813,484,2,3803.65,2,1267.8833333333334,MK,1
C00814,209,4,32356.77,5,2311.197857142857,MK,1
C00815,128,5,64866.57,4,3815.680588235294,CYB,0
C00816,10,4,25392.0,5,2116.0,MK,0
C00817,335,3,3960.5600000000004,3,792.1120000000001,MK,1
C00818,29,6,25348.68,4,1689.912,CYB,0
C00819,539,1,26202.88,3,6550.72,MK,1
C00820,120,4,32113.32,4,3211.332,TKO,1
C00821,227,5,51452.520000000004,4,4287.71,ST,0
C00822,357,4,132601.91,4,8840.127333333334,TKO,0
C00824,485,3,56961.78,4,5696.178,TKO,1
C00825,94,6,91149.54,5,4143.160909090909,MK,0
C00826,262,3,25015.550000000003,5,3573.6500000000005,TKO,1
C00827,85,3,12511.15,5,1390.1277777777777,TKO,1
C00828,267,7,79750.14,5,4430.5633333333335,CYB,0
C00829,214,3,47576.840000000004,5,3964.736666666667,ST,0
C00830,336,2,8919.14,2,2973.0466666666666,TKO,1
C00831,167,2,26497.69,5,3312.21125,TKO,1
C00832,210,3,43713.270000000004,5,4371.327,ST,0
C00833,406,1,680.64,2,340.32,CYB,1
C00834,90,5,83767.41,4,4188.3705,MK,0
C00835,157,8,109812.51,5,3921.875357142857,CYB,0
C00836,342,3,75228.25,4,6838.931818181818,MK,0
C00837,395,3,34439.42,3,4304.9275,CYB,1
C00838,264,5,12772.2,5,2128.7000000000003,MK,1
C00839,115,6,62932.939999999995,5,3496.2744444444443,TKO,0
C00840,433,2,15466.75,3,3866.6875,CYB,1
C00841,312,5,42804.48,5,2517.910588235294,TKO,0
C00842,222,3,23762.940000000002,5,2970.3675000000003,TKO,1
C00843,605,3,26098.49,3,3262.31125,TKO,1
C00844,205,4,19782.98,5,1521.7676923076922,MK,1
C00845,261,2,18962.72,3,2370.34,ST,1
C00846,450,1,11194.400000000001,4,2238.88,TKO,1
C00847,98,5,70055.22,5,4378.45125,TKO,0
C00848,124,9,90417.25,5,3229.1875,CYB,0
C00849,20,4,72701.12,4,7270.111999999999,MK,0
C00850,385,3,13984.97,4,1398.4969999999998,CYB,1
C00851,25,3,43150.69,5,4794.521111111111,TKO,0
C00852,99,2,876.1300000000001,2,292.04333333333335,TKO,1
C00853,119,5,90167.64,5,5009.3133333333335,TKO,0
C00854,111,2,55105.1,3,7872.157142857142,CYB,1
C00855,447,4,50556.45,5,3159.778125,ST,1
C00856,114,5,118250.12,5,6223.69052631579,CYB,0
C00857,136,4,51223.799999999996,5,5122.379999999999,CYB,0
C00858,37,2,32775.990000000005,3,4682.284285714287,MK,1
C00859,67,2,16889.98,3,3377.996,CYB,1
C00860,20,6,66578.66,5,4161.16625,MK,0
C00861,353,5,77413.47,5,4553.733529411765,MK,0
C00862,117,4,63700.53,5,4550.037857142857,TKO,0
C00863,251,2,36330.9,4,5190.128571428571,ST,1
C00864,133,6,68605.47,5,3266.927142857143,ST,0
C00865,12,5,48216.08,4,4018.0066666666667,TKO,0
C00866,4,5,83881.57,5,5242.598125,CYB,0
C00867,34,2,13265.33,5,1895.047142857143,MK,1
C00868,78,4,69593.23000000001,5,5353.325384615386,TKO,0
C00869,13,5,111070.06,5,6533.532941176471,CYB,0
C00870,486,3,48574.55,4,6939.221428571429,CYB,1
C00871,209,3,88680.81,4,6821.600769230769,CYB,0
C00872,320,2,8144.119999999999,3,2036.0299999999997,MK,1
C00873,261,4,49369.43,5,3526.3878571428572,TKO,0
C00874,37,5,73632.27,5,4602.016875,MK,0
C00875,166,2,32057.72,3,4579.674285714286,MK,1
C00876,168,5,44877.59,4,2991.839333333333,CYB,0
C00877,369,3,20154.9,5,2239.4333333333334,TKO,1
C00878,122,7,67574.83,5,3217.8490476190477,CYB,0
C00879,89,5,19399.55,4,1763.5954545454545,TKO,1
C00880,262,5,27928.35,5,2792.835,ST,0
C00881,90,2,15322.640000000003,5,2188.948571428572,CYB,1
C00883,125,4,72217.67000000001,5,5158.405000000001,TKO,0
C00884,224,2,27255.059999999998,4,4542.509999999999,MK,1
C00885,257,4,58134.96000000001,5,4844.580000000001,CYB,0
C00886,644,1,98.86,1,98.86,MK,1
C00887,393,2,18253.579999999998,2,3650.7159999999994,CYB,1
C00888,2,5,50445.21,5,2522.2605,MK,0
C00889,364,4,85498.02,4,6107.001428571429,ST,0
C00890,270,2,52335.340000000004,4,5815.0377777777785,ST,1
C00893,66,5,39556.66,4,2825.4757142857147,TKO,0
C00894,441,2,20357.21,4,2908.172857142857,MK,1
C00895,45,4,50075.270000000004,5,3576.8050000000003,ST,0
C00896,22,4,46361.240000000005,5,3566.249230769231,TKO,0
C00897,42,5,108747.97,5,6041.553888888889,TKO,0
C00898,634,4,36644.18,4,2617.441428571429,TKO,1
C00899,237,5,73693.41,5,4094.0783333333334,ST,0
C00900,59,4,8672.109999999999,4,1084.0137499999998,MK,1
C00901,315,1,3667.71,3,1222.57,MK,1
C00902,74,6,74719.34,5,4151.074444444444,TKO,0
C00903,289,4,18263.85,5,1660.35,CYB,1
C00904,55,4,81946.94,5,5463.129333333333,TKO,0
C00905,115,7,100061.63,5,4169.234583333334,ST,0
C00906,144,6,135065.06,5,6431.6695238095235,MK,0
C00907,112,4,26154.2,5,1868.1571428571428,MK,1
C00908,0,4,100576.09,4,6705.072666666666,MK,0
C00909,287,5,46878.27,4,3906.5224999999996,TKO,0
C00910,355,3,25731.41,2,3675.9157142857143,CYB,1
C00911,21,2,31228.43,5,4461.204285714286,ST,0
C00912,114,5,121719.55,5,6762.197222222222,CYB,0
C00913,249,3,11664.390000000001,4,1060.399090909091,CYB,1
C00914,90,4,17742.329999999998,5,1478.5275,ST,1
C00915,694,1,5423.1900000000005,2,1807.7300000000002,MK,1
C00916,130,4,48851.29,5,4070.9408333333336,ST,0
C00917,181,3,3776.16,4,944.04,MK,1
C00918,246,5,46445.78,5,3096.385333333333,CYB,0
C00919,253,3,18131.399999999998,5,2266.4249999999997,TKO,1
C00920,55,3,34180.06,5,4882.865714285714,ST,0
C00921,400,1,128.75,1,128.75,TKO,1
C00922,76,3,55031.43,4,6114.6033333333335,MK,0
C00923,500,3,42028.740000000005,5,3232.9800000000005,TKO,1
C00924,18,4,13634.189999999999,4,2726.8379999999997,MK,1
C00925,167,7,94437.34999999999,3,5555.138235294117,CYB,0
C00926,503,2,5019.289999999999,2,1673.0966666666664,MK,1
C00927,333,2,18507.23,4,4626.8075,MK,1
C00928,28,5,60098.68,5,4622.975384615384,MK,0
C00929,376,4,28217.36,4,4031.0514285714285,MK,1
C00930,46,6,123646.31999999999,5,5151.929999999999,TKO,0
C00931,256,5,57801.18,5,3400.069411764706,TKO,0
C00932,75,4,40168.78,5,3651.7072727272725,MK,0
C00933,8,5,19192.92,4,1919.292,TKO,1
C00934,82,3,21448.02,5,2681.0025,TKO,1
C00935,226,4,45977.58,5,3831.465,TKO,0
C00936,440,3,4489.11,4,897.8219999999999,TKO,1
C00937,199,3,23943.940000000002,4,2394.3940000000002,CYB,1
C00938,132,4,38373.71,5,2951.8238461538463,TKO,0
C00939,566,4,65977.53,5,5498.1275,TKO,0
C00940,13,2,41626.86,3,5946.694285714286,TKO,1
C00941,294,2,11583.54,2,3861.1800000000003,MK,1
C00942,259,2,30031.33,4,3753.91625,TKO,1
C00943,71,6,85991.48,5,4525.867368421053,CYB,0
C00944,49,3,54402.17,5,5440.217,CYB,0
C00945,145,1,19695.44,3,4923.86,TKO,1
C00946,151,3,29281.590000000004,3,4183.084285714286,TKO,1
C00947,23,6,103170.51,5,5158.5255,CYB,0
C00948,76,6,47774.21000000001,5,2810.247647058824,TKO,0
C00949,207,3,20183.84,4,2242.648888888889,ST,1
C00950,63,2,32113.89,4,3568.21,ST,1
C00951,112,6,76192.5,4,4762.03125,MK,0
C00952,186,6,57429.92,5,2871.496,ST,0
C00953,692,1,197.82,1,197.82,ST,1
C00954,101,6,23876.63,5,2170.6027272727274,MK,0
C00955,118,4,14452.93,4,1313.9027272727274,MK,1
C00956,621,1,17124.15,4,3424.8300000000004,ST,1
C00957,92,6,105945.13,5,5297.2565,TKO,0
C00958,58,3,41472.46,4,4147.246,MK,1
C00959,361,2,17352.55,4,3470.5099999999998,TKO,1
C00960,238,2,5844.52,3,1461.13,TKO,1
C00961,181,2,4682.2,3,1560.7333333333333,ST,1
C00962,189,3,11512.689999999999,4,1918.7816666666665,ST,1
C00963,227,3,64113.28999999999,5,5342.774166666666,ST,0
C00964,424,2,1919.1100000000001,3,479.77750000000003,MK,1
C00965,131,3,27690.76,2,4615.126666666666,TKO,1
C00966,214,2,5525.04,3,1381.26,TKO,1
C00967,192,1,16310.32,3,4077.58,TKO,1
C00968,166,3,103737.94,5,7979.841538461538,CYB,0
C00969,188,4,24951.55,3,3118.94375,MK,1
C00970,581,3,53293.63,3,6661.70375,MK,1
C00971,189,5,25277.75,5,1944.4423076923076,ST,0
C00972,378,2,45294.7,3,7549.116666666666,TKO,1
C00973,234,1,129.38,1,129.38,MK,1
C00974,257,3,13153.2,5,1879.0285714285715,MK,1
C00975,202,3,9312.74,4,1330.3914285714286,CYB,1
C00976,327,6,140112.65,5,6091.854347826086,CYB,0
C00977,172,4,46020.86,5,3540.066153846154,CYB,0
C00978,44,5,36158.59,5,2582.7564285714284,CYB,0
C00979,31,8,143820.27,5,4794.009,TKO,0
C00980,42,2,49322.479999999996,4,5480.275555555555,CYB,0
C00981,213,3,13021.78,3,1183.7981818181818,ST,1
C00982,265,3,13640.09,4,2273.3483333333334,MK,1
C00983,87,4,43626.71,5,3355.900769230769,ST,0
C00984,50,5,29072.45,5,1938.1633333333334,TKO,0
C00985,117,4,61352.77,5,4719.443846153846,TKO,0
C00986,118,2,5636.25,3,1878.75,TKO,1
C00987,178,1,1151.43,2,383.81,TKO,1
C00988,168,3,56726.829999999994,4,5156.984545454545,MK,0
C00989,299,3,33848.64,5,4231.08,ST,1
C00990,280,5,132460.48,4,7358.915555555556,CYB,0
C00991,94,3,1255.57,4,251.11399999999998,TKO,1
C00992,217,4,14878.91,4,2125.558571428571,TKO,1
C00993,506,3,30463.71,5,3384.8566666666666,CYB,1
C00994,335,1,2409.6000000000004,2,1204.8000000000002,CYB,1
C00995,335,6,98381.28,5,5465.626666666667,CYB,0
C00996,138,1,10471.599999999999,4,2094.3199999999997,TKO,1
C00997,84,4,27418.04,3,3046.448888888889,ST,1
C00998,264,3,57376.020000000004,4,5737.602000000001,CYB,0
C00999,64,6,69935.97,5,3330.284285714286,MK,0
C01000,6,8,101160.17,5,3890.775769230769,TKO,0
C01001,169,3,43370.99,4,5421.37375,MK,1
C01002,99,2,3743.22,3,1247.74,CYB,1
C01003,62,5,81340.01000000001,5,4518.889444444445,TKO,0
C01004,243,1,1245.34,2,622.67,TKO,1
C01005,524,2,2357.01,4,589.2525,MK,1
C01006,303,2,3591.7799999999997,3,1197.26,ST,1
C01007,22,7,78029.23999999999,5,3392.5756521739127,TKO,0
C01008,175,5,64431.77,5,4956.29,CYB,0
C01009,174,3,21619.82,4,2161.982,TKO,1
C01010,44,5,71453.59,5,4465.849375,ST,0
C01011,196,3,17472.6,4,2184.075,CYB,1
C01013,241,2,4710.15,4,942.03,TKO,1
C01014,157,4,56974.54,5,3560.90875,CYB,0
C01015,196,5,18150.38,3,1815.038,TKO,1
C01016,149,4,43360.52,5,3097.18,TKO,0
C01017,8,5,85544.17,5,4752.453888888889,CYB,0
C01018,113,7,129384.82,5,4976.339230769231,ST,0
C01019,191,3,27344.48,4,3418.06,CYB,1
C01020,610,3,52527.53,5,4775.23,TKO,1
C01021,203,3,85374.65000000001,5,7114.554166666668,ST,0
C01022,9,2,2699.84,3,899.9466666666667,TKO,1
C01023,40,2,1637.6399999999999,3,409.40999999999997,ST,1
C01024,220,3,1106.85,2,276.7125,CYB,1
C01025,236,5,8391.21,4,699.2674999999999,ST,1
C01026,64,6,124184.25,5,6536.013157894737,TKO,0
C01027,65,4,21900.530000000002,5,2190.0530000000003,TKO,0
C01028,56,2,8999.52,3,2249.88,MK,1
C01029,115,3,59395.39,4,5399.580909090909,ST,0
C01030,162,2,56825.04,3,9470.84,ST,0
C01031,136,2,6552.67,3,1310.534,ST,1
C01032,25,3,44700.619999999995,3,4966.735555555555,TKO,1
C01033,238,3,61707.69,4,10284.615,ST,0
C01034,219,5,70688.72,4,5049.194285714286,TKO,0
C01035,96,2,25715.4,5,2571.54,TKO,1
C01036,41,8,117697.55,5,4526.828846153846,CYB,0
C01037,279,3,33676.85,5,2405.4892857142854,MK,1
C01038,270,2,9387.42,3,1877.484,MK,1
C01039,272,2,22958.29,5,2550.9211111111113,ST,1
C01040,78,1,1745.54,2,872.77,TKO,1
C01041,130,3,27832.449999999997,3,4638.741666666666,ST,1
C01042,175,1,33463.68,3,8365.92,TKO,1
C01043,7,8,185194.32,4,7122.858461538462,CYB,0
C01044,142,5,28876.21,4,2887.621,ST,1
C01045,257,4,47641.509999999995,5,3664.731538461538,TKO,0
C01046,167,4,14569.73,2,2081.39,CYB,1
C01047,6,1,74.08,1,74.08,CYB,1
C01048,66,4,52933.15,5,4411.095833333334,CYB,0
C01049,65,1,28853.399999999998,4,7213.349999999999,CYB,1
C01050,76,6,74468.86,4,3919.4136842105263,TKO,0
C01051,202,3,83836.36,4,7621.487272727273,MK,0
C01052,154,3,12166.81,4,1738.1157142857141,TKO,1
C01053,189,3,26840.29,3,4473.381666666667,ST,1
C01054,167,2,22184.42,5,3169.202857142857,TKO,1
C01055,15,6,99526.06,5,4739.3361904761905,MK,0
C01056,33,6,14540.0,5,1211.6666666666667,TKO,0
C01057,374,6,68906.56999999999,5,3445.3284999999996,MK,0
C01058,82,6,54613.49,5,3413.343125,CYB,0
C01059,15,2,10429.1,3,2085.82,MK,1
C01060,298,7,100579.73,5,5293.67,TKO,0
C01061,33,3,14254.3,3,2375.7166666666667,TKO,1
C01062,692,1,8161.5,2,1632.3,MK,1
C01063,41,5,16436.23,5,1494.2027272727273,MK,0
C01064,45,3,20566.66,4,2570.8325,MK,1
C01065,254,4,73644.19,5,5664.9376923076925,MK,0
C01066,173,2,4475.34,2,895.068,TKO,1
C01067,151,6,66476.55,5,3498.7657894736844,TKO,0
C01068,169,4,29611.440000000002,4,2691.949090909091,MK,1
C01069,15,4,51397.31,5,3671.2364285714284,MK,0
C01070,156,4,59101.630000000005,2,4925.135833333334,TKO,1
C01072,151,7,68253.98,5,4014.9399999999996,CYB,0
C01073,281,6,83639.94,4,5974.2814285714285,CYB,0
C01074,9,6,62260.729999999996,5,3276.880526315789,ST,0
C01075,203,4,22545.22,4,2254.522,MK,1
C01076,4,7,97548.29,5,4645.156666666667,TKO,0
C01077,272,4,9725.67,5,1215.70875,TKO,1
C01078,158,3,74596.51999999999,4,5738.193846153846,CYB,0
C01079,283,2,4952.28,4,990.4559999999999,MK,1
C01080,34,3,33978.32,3,4854.045714285714,CYB,1
C01081,56,4,2829.78,3,471.63000000000005,MK,1
C01082,266,1,1519.6000000000001,2,759.8000000000001,ST,1
C01083,4,3,57634.08,5,5239.461818181819,MK,0
C01084,7,1,11224.119999999999,3,2806.0299999999997,TKO,1
C01085,176,3,12719.46,5,1271.946,ST,1
C01086,349,4,39686.82,5,3307.235,CYB,1
C01087,218,1,5993.07,3,1997.6899999999998,MK,1
C01088,131,3,30640.219999999998,5,3404.4688888888886,MK,1
C01089,74,3,31277.07,4,3909.63375,CYB,1
C01090,22,6,76165.33,5,3311.536086956522,CYB,0
C01091,487,3,66519.04,4,6047.185454545454,ST,1
C01092,14,5,75530.06,5,5035.337333333333,ST,0
C01093,150,3,25457.79,5,4242.965,CYB,1
C01094,105,3,20602.87,4,2943.2671428571425,ST,1
C01095,94,2,31693.4,3,5282.233333333334,ST,1
C01096,48,3,100031.36000000002,4,7694.720000000001,ST,0
C01097,115,6,28884.74,5,1805.29625,ST,0
C01098,3,7,81599.44,4,4533.302222222223,TKO,0
C01099,31,3,6692.58,3,956.0828571428572,ST,1
C01100,75,5,60718.6,5,4047.9066666666668,ST,0
C01101,337,6,59990.24,5,3528.837647058823,TKO,0
C01102,203,3,55729.19,4,6192.1322222222225,MK,0
C01103,75,4,47042.06,5,3920.1716666666666,MK,0
C01104,141,3,38557.15,5,3505.1954545454546,ST,0
C01105,84,5,87387.96,5,5461.7475,ST,0
C01106,404,2,24749.32,2,4124.886666666666,TKO,1
C01107,308,4,17629.48,4,2203.685,MK,1
C01108,253,2,57486.89,5,6387.432222222222,ST,0
C01109,239,4,49556.759999999995,4,4955.6759999999995,TKO,0
C01111,155,6,77132.54000000001,5,4820.7837500000005,CYB,0
C01112,275,2,5453.1,3,1363.275,TKO,1
C01113,199,3,34704.86,4,2892.0716666666667,CYB,1
C01114,49,6,98039.95999999999,5,4456.361818181817,TKO,0
C01115,72,4,17626.02,4,1602.3654545454547,TKO,1
C01116,471,1,28864.4,3,5772.88,CYB,1
C01117,25,3,27076.879999999997,5,2461.5345454545454,TKO,1
C01118,212,4,62044.17,4,5640.37909090909,CYB,0
C01119,89,2,11222.900000000001,4,2244.5800000000004,CYB,1
C01120,215,5,112244.51999999999,5,5907.606315789473,CYB,0
C01121,11,7,59235.380000000005,5,3117.6515789473688,TKO,0
C01122,96,2,7634.04,4,1272.34,ST,1
C01123,20,3,29138.42,3,4162.631428571428,CYB,1
C01124,124,2,24161.940000000002,4,4026.9900000000002,ST,1
C01125,14,8,108643.61,5,3621.453666666667,TKO,0
C01126,327,3,37603.43,4,3418.4936363636366,CYB,1
C01127,82,7,101429.63,4,4829.982380952381,TKO,0
C01128,35,3,47135.6,5,3927.9666666666667,MK,0
C01129,264,6,146417.24000000002,5,6655.329090909092,MK,0
C01130,318,1,231.25,1,231.25,TKO,1
C01131,4,4,8968.5,5,896.85,CYB,1
C01132,174,2,24403.92,4,3486.2742857142853,TKO,1
C01133,58,2,69516.2,3,8689.525,CYB,0
C01134,111,5,59085.49,5,3692.843125,TKO,0
C01135,123,3,9899.74,4,1099.971111111111,CYB,1
C01136,140,2,14803.72,5,2467.2866666666664,MK,1
C01137,449,3,100520.79000000001,3,11168.976666666667,MK,0
C01138,108,4,65451.87,4,5454.3225,ST,0
C01139,49,5,31213.469999999998,5,2837.5881818181815,TKO,0
C01140,710,1,620.44,1,310.22,CYB,1
C01141,222,4,139464.07,4,8716.504375,ST,0
C01142,44,4,32192.039999999997,4,4024.0049999999997,TKO,0
C01143,109,4,102517.98999999999,5,6834.532666666666,TKO,0
C01144,386,2,36977.42,3,6162.903333333333,TKO,1
C01145,141,2,38555.95,4,3855.595,MK,1
C01146,42,2,38210.89,3,5458.698571428571,MK,1
C01147,248,2,18293.300000000003,3,3048.8833333333337,TKO,1
C01148,615,2,6511.46,3,1627.865,ST,1
C01149,12,5,10113.17,4,1123.6855555555555,ST,1
C01150,162,6,47115.92,5,3141.061333333333,MK,0
C01151,473,2,49671.46,4,7095.922857142857,TKO,1
C01152,61,8,96205.74,5,4372.988181818182,ST,0
C01153,17,4,76420.46,4,5878.496923076924,MK,0
C01154,144,3,79949.45,5,5329.963333333333,MK,0
C01155,603,1,4643.41,1,4643.41,MK,1
C01156,600,3,35328.4,5,2944.0333333333333,TKO,1
C01158,29,4,37918.979999999996,4,3791.8979999999997,ST,0
C01159,38,7,119038.48999999999,5,4761.5396,CYB,0
C01160,173,3,50738.81,4,4612.619090909091,ST,1
C01161,234,4,32312.73,4,2485.5946153846153,TKO,1
C01162,2,2,20897.96,3,4179.592,ST,1
C01163,373,1,11968.16,4,2992.04,TKO,1
C01164,27,5,87515.76,4,4375.788,CYB,0
C01165,331,3,24208.68,5,2200.789090909091,CYB,1
C01166,95,2,63750.31999999999,4,7968.789999999999,TKO,0
C01167,212,3,10887.32,4,1555.3314285714284,CYB,1
C01168,12,4,40682.32,4,3698.3927272727274,CYB,0
C01169,12,6,65108.36,5,3255.418,CYB,0
C01170,205,9,74859.86,5,3119.1608333333334,CYB,0
C01171,171,4,5142.24,4,571.36,CYB,1
C01172,196,2,24346.21,3,3478.0299999999997,TKO,1
C01173,73,7,120998.15000000001,5,4653.775000000001,TKO,0
C01174,45,2,63003.020000000004,5,7000.335555555556,CYB,0
C01175,39,3,16754.45,4,2094.30625,ST,1
C01176,52,6,39334.06,4,2458.37875,TKO,0
C01177,549,1,467.57,1,467.57,TKO,1
C01178,57,5,53726.159999999996,4,4477.179999999999,MK,0
