Customer id,Monetary,Frequency,Recency,Monetary_log,R_score,F_score,M_score,RFM_score,RFM_numeric,segment,cluster
C00001,11663.89,3,59,9.36433875449251,4,2,3,423,423,New / Promising,0
C00002,9110.17,4,10,9.117256412303917,5,3,3,533,533,Loyal,0
C00003,11245.630000000001,2,164,9.327823807201284,3,1,3,313,313,Other,0
C00004,16331.02,6,165,9.700882877028478,3,5,4,354,354,Loyal,0
C00005,9873.15,5,217,9.197675510115209,2,4,3,243,243,Frequent but at risk,0
C00006,9006.21,3,245,9.105780646711237,2,2,3,223,223,Other,0
C00007,13079.56,4,53,9.478882437550377,4,3,3,433,433,Loyal,0
C00008,15638.1,6,157,9.657529467686507,3,5,4,354,354,Loyal,0
C00009,6462.34,4,408,8.773901491027571,1,3,2,132,132,Other,1
C00010,14914.42,6,9,9.610150856123278,5,5,4,554,554,Champions,0
C00011,8365.05,4,16,9.031937128556123,5,3,2,532,532,Other,0
C00012,11260.02,3,497,9.329102483736653,1,2,3,123,123,Other,1
C00013,24761.54,6,135,10.117087306351287,3,5,5,355,355,Loyal,0
C00014,6920.91,4,153,8.842447022088226,3,3,2,332,332,Other,0
C00015,11313.919999999998,3,531,9.333877487781928,1,2,3,123,123,Other,1
C00016,16216.08,3,142,9.693820286802108,3,2,4,324,324,Other,0
C00017,11524.11,5,36,9.352283412287848,5,4,3,543,543,Loyal,0
C00018,39383.78,9,47,10.581134726238874,4,5,5,455,455,Champions,0
C00019,35584.66,8,229,10.479698026702025,2,5,5,255,255,Frequent but at risk,0
C00020,9601.91,3,192,9.169821456522827,2,2,3,223,223,Other,0
C00021,33270.32,8,37,10.412451043608703,5,5,5,555,555,Champions,0
C00022,2366.54,3,184,7.769606720376852,2,2,1,221,221,At Risk / Churn,1
C00023,31833.949999999997,6,27,10.368320021851494,5,5,5,555,555,Champions,0
C00024,10774.289999999999,4,231,9.285010828762902,2,3,3,233,233,Other,0
C00025,14808.11,7,279,9.602997810925373,2,5,4,254,254,Frequent but at risk,0
C00026,15029.97,3,226,9.617868018256043,2,2,4,224,224,Other,0
C00027,3421.2599999999998,2,94,8.138056430525557,4,1,1,411,411,New / Promising,1
C00028,2337.63,4,389,7.757320566811742,1,3,1,131,131,Other,1
C00029,16652.12,7,61,9.720352865241153,4,5,4,454,454,Champions,0
C00030,5102.69,3,202,8.537719086502964,2,2,2,222,222,At Risk / Churn,1
C00031,6990.929999999999,2,167,8.85251190584361,3,1,2,312,312,Other,1
C00032,7175.25,2,481,8.878532241481846,1,1,2,112,112,At Risk / Churn,1
C00034,30822.61,8,322,10.336036233747363,1,5,5,155,155,Frequent but at risk,0
C00035,17125.39,5,70,9.748375827719704,4,4,4,444,444,Champions,0
C00036,3572.23,2,63,8.181225227628104,4,1,1,411,411,New / Promising,1
C00037,8859.65,3,261,9.089375404339313,2,2,3,223,223,Other,1
C00038,19899.149999999998,4,152,9.898482548372618,3,3,5,335,335,Loyal,0
C00039,7906.72,3,84,8.975594776481058,4,2,2,422,422,New / Promising,0
C00040,8484.33,3,105,9.046094069074686,3,2,2,322,322,Other,0
C00041,14570.78,5,280,9.586842060567328,2,4,4,244,244,Frequent but at risk,0
C00042,2619.49,3,23,7.8711166021693035,5,2,1,521,521,New / Promising,1
C00043,525.53,1,82,6.266308310007709,4,1,1,411,411,New / Promising,1
C00044,11898.28,2,112,9.384233173067487,3,1,3,313,313,Other,0
C00045,20050.19,8,80,9.906043782594425,4,5,5,455,455,Champions,0
C00046,5105.889999999999,3,71,8.538345887351644,4,2,2,422,422,New / Promising,0
C00047,16154.56,4,629,9.690019541848462,1,3,4,134,134,Other,1
C00048,7146.389999999999,5,449,8.874502534081538,1,4,2,142,142,Frequent but at risk,1
C00049,39785.34,6,5,10.591278916280007,5,5,5,555,555,Champions,0
C00050,5151.26,1,391,8.54719073234934,1,1,2,112,112,At Risk / Churn,1
C00051,5171.650000000001,2,509,8.551140408715895,1,1,2,112,112,At Risk / Churn,1
C00052,12787.1,3,86,9.45627032998025,4,2,3,423,423,New / Promising,0
C00053,3170.27,2,71,8.061887417555015,4,1,1,411,411,New / Promising,1
C00054,5889.42,3,125,8.681082581403897,3,2,2,322,322,Other,0
C00055,21239.71,3,123,9.96367490229248,3,2,5,325,325,Other,0
C00056,34477.49,9,46,10.448090930315185,4,5,5,455,455,Champions,0
C00057,481.8,1,272,6.1796024892233765,2,1,1,211,211,At Risk / Churn,1
C00058,4059.1499999999996,2,238,8.308975197726106,2,1,1,211,211,At Risk / Churn,1
C00059,12533.37,5,14,9.436229750055322,5,4,3,543,543,Loyal,0
C00060,18160.239999999998,2,15,9.807044931762505,5,1,4,514,514,New / Promising,0
C00061,23155.879999999997,5,168,10.050047207586141,3,4,5,345,345,Loyal,0
C00062,5168.95,2,124,8.550618296275825,3,1,2,312,312,Other,1
C00063,16204.4,6,89,9.693099799010596,4,5,4,454,454,Champions,0
C00064,30595.85,7,147,10.328652341465196,3,5,5,355,355,Loyal,0
C00065,15268.2,4,622,9.633593006532465,1,3,4,134,134,Other,1
C00066,17776.88,7,5,9.785710266863214,5,5,4,554,554,Champions,0
C00067,3978.49,3,52,8.288908949364245,4,2,1,421,421,New / Promising,1
C00068,27155.36,8,84,10.20936655207251,4,5,5,455,455,Champions,0
C00069,6090.04,4,114,8.714574117881085,3,3,2,332,332,Other,0
C00070,11769.97,4,27,9.373391609772753,5,3,3,533,533,Loyal,0
C00071,6456.63,4,5,8.773017656397245,5,3,2,532,532,Other,0
C00072,21191.63,5,232,9.961408758709352,2,4,5,245,245,Frequent but at risk,0
C00073,14056.33,3,243,9.550899246904544,2,2,4,224,224,Other,0
C00075,15993.51,6,22,9.680000817341066,5,5,4,554,554,Champions,0
C00076,24141.39,7,41,10.091724495550274,5,5,5,555,555,Champions,0
C00077,4728.08,2,201,8.461485959396537,2,1,1,211,211,At Risk / Churn,1
C00078,3397.89,3,5,8.131204186712893,5,2,1,521,521,New / Promising,1
C00079,21353.21,8,63,9.969004188912988,4,5,5,455,455,Champions,0
C00080,2753.7999999999997,3,62,7.921100123670543,4,2,1,421,421,New / Promising,1
C00081,36878.82,9,99,10.515419796964476,4,5,5,455,455,Champions,0
C00082,11961.79,4,178,9.389556277891609,2,3,3,233,233,Other,0
C00083,4684.17,1,313,8.452157480033412,1,1,1,111,111,At Risk / Churn,1
C00084,5981.62,4,38,8.69661387808533,5,3,2,532,532,Other,0
C00085,8554.83,2,30,9.054368200907193,5,1,2,512,512,New / Promising,0
C00086,13358.23,4,145,9.499962810699152,3,3,3,333,333,Loyal,0
C00087,1602.3400000000001,1,511,7.379844232427211,1,1,1,111,111,At Risk / Churn,1
C00088,13805.23,4,289,9.532875218548094,1,3,4,134,134,Other,0
C00089,9984.210000000001,2,244,9.208860277176077,2,1,3,213,213,Other,1
C00090,12016.07,2,457,9.39408341797547,1,1,3,113,113,Other,1
C00091,6340.76,3,151,8.75491161143048,3,2,2,322,322,Other,0
C00092,21522.2,7,10,9.976886702105896,5,5,5,555,555,Champions,0
C00093,26427.42,3,11,10.182195225259004,5,2,5,525,525,New / Promising,0
C00094,29417.059999999998,6,101,10.28936405044482,3,5,5,355,355,Loyal,0
C00095,4976.58,5,14,8.512699108134658,5,4,2,542,542,Other,0
C00096,14024.54,4,154,9.548635232323486,3,3,4,334,334,Loyal,0
C00097,3575.35,2,58,8.182098006224345,4,1,1,411,411,New / Promising,1
C00098,7704.02,5,82,8.949627343467915,4,4,2,442,442,Other,0
C00099,7631.669999999999,3,109,8.940192997534917,3,2,2,322,322,Other,0
C00100,6188.23,4,105,8.730565963756876,3,3,2,332,332,Other,0
C00101,16510.95,5,64,9.71183964017593,4,4,4,444,444,Champions,0
C00102,23700.710000000003,5,73,10.073302476419133,4,4,5,445,445,Champions,0
C00103,12741.47,2,127,9.452695787885352,3,1,3,313,313,Other,0
C00104,16764.82,4,103,9.72709756912681,3,3,4,334,334,Loyal,0
C00105,5518.86,3,334,8.616107776630672,1,2,2,122,122,At Risk / Churn,1
C00106,12888.470000000001,3,54,9.464165977942827,4,2,3,423,423,New / Promising,0
C00107,4374.14,5,70,8.383693798279726,4,4,1,441,441,Other,0
C00108,305.54,1,318,5.725348252570762,1,1,1,111,111,At Risk / Churn,1
C00109,2603.53,2,105,7.865007515644537,3,1,1,311,311,Other,1
C00111,14414.130000000001,2,43,9.576033628415466,5,1,4,514,514,New / Promising,0
C00112,16538.79,5,82,9.713524272003731,4,4,4,444,444,Champions,0
C00114,5790.34,3,290,8.664118977296484,1,2,2,122,122,At Risk / Churn,1
C00115,3365.67,1,540,8.12167940425976,1,1,1,111,111,At Risk / Churn,1
C00116,2266.15,1,19,7.726278815058792,5,1,1,511,511,New / Promising,1
C00117,13607.36,5,33,9.518439588752225,5,4,4,544,544,Champions,0
C00118,18880.54,5,22,9.84594000416963,5,4,4,544,544,Champions,0
C00119,20040.39,5,198,9.905554914070864,2,4,5,245,245,Frequent but at risk,0
C00121,13179.41,3,237,9.48648691531166,2,2,3,223,223,Other,0
C00122,1071.38,1,139,6.977635756430343,3,1,1,311,311,Other,1
C00123,1799.99,2,275,7.4960917926896915,2,1,1,211,211,At Risk / Churn,1
C00124,9268.88,4,25,9.134525713492295,5,3,3,533,533,Loyal,0
C00125,6546.3,5,10,8.786808029905401,5,4,2,542,542,Other,0
C00126,10523.52,4,200,9.261463051809898,2,3,3,233,233,Other,0
C00127,13009.74,3,32,9.47353044921258,5,2,3,523,523,New / Promising,0
C00128,7292.12,2,90,8.894686716982967,4,1,2,412,412,New / Promising,0
C00129,6505.400000000001,3,150,8.780541586852566,3,2,2,322,322,Other,0
C00130,3473.06,2,453,8.153079217809074,1,1,1,111,111,At Risk / Churn,1
C00131,14399.16,3,75,9.574994596613475,4,2,4,424,424,New / Promising,0
C00132,19344.5,6,56,9.870215113272556,4,5,5,455,455,Champions,0
C00133,13002.59,3,104,9.472980752166373,3,2,3,323,323,Other,0
C00134,14329.31,6,262,9.57013215352612,2,5,4,254,254,Frequent but at risk,0
C00135,10555.96,4,77,9.264540637027322,4,3,3,433,433,Loyal,0
C00136,11057.64,3,465,9.310967301873479,1,2,3,123,123,Other,1
C00137,9638.9,3,347,9.173666014106804,1,2,3,123,123,Other,1
C00138,1488.96,1,464,7.30650455294157,1,1,1,111,111,At Risk / Churn,1
C00139,19122.27,5,73,9.85866119708687,4,4,4,444,444,Champions,0
C00140,8815.68,3,152,9.084400660904526,3,2,3,323,323,Other,0
C00141,9267.13,3,33,9.134336912212632,5,2,3,523,523,New / Promising,0
C00142,12886.55,5,39,9.464017008046108,5,4,3,543,543,Loyal,0
C00143,7436.42,1,546,8.914279293493514,1,1,2,112,112,At Risk / Churn,1
C00144,18242.47,5,35,9.811562486762824,5,4,4,544,544,Champions,0
C00145,4604.35,2,113,8.434973950144329,3,1,1,311,311,Other,1
C00146,802.18,1,61,6.688578848229038,4,1,1,411,411,New / Promising,1
C00147,25268.66,2,399,10.13735974560237,1,1,5,115,115,Other,0
C00148,2504.63,2,18,7.826295478904883,5,1,1,511,511,New / Promising,1
C00149,12041.07,5,6,9.396161630995374,5,4,3,543,543,Loyal,0
C00150,25309.050000000003,5,103,10.138956829040971,3,4,5,345,345,Loyal,0
C00151,6507.69,3,100,8.780893486074719,3,2,2,322,322,Other,0
C00152,9019.33,3,287,9.107236197753295,2,2,3,223,223,Other,1
C00153,8747.08,4,23,9.07658952670226,5,3,2,532,532,Other,0
C00154,14737.9,3,98,9.598245536092932,4,2,4,424,424,New / Promising,0
C00155,3612.72,2,85,8.192492991670361,4,1,1,411,411,New / Promising,1
C00156,622.49,1,329,6.435332726499092,1,1,1,111,111,At Risk / Churn,1
C00157,6884.650000000001,2,163,8.837194814840212,3,1,2,312,312,Other,1
C00158,2300.02,3,33,7.74110778187069,5,2,1,521,521,New / Promising,1
C00159,7108.04,2,503,8.86912249258407,1,1,2,112,112,At Risk / Churn,1
C00160,11402.619999999999,3,33,9.341686127835855,5,2,3,523,523,New / Promising,0
C00161,14181.6,4,86,9.559771140118928,4,3,4,434,434,Loyal,0
C00162,13577.88,10,24,9.516270923484697,5,5,4,554,554,Champions,0
C00163,10031.539999999999,3,89,9.213589089175237,4,2,3,423,423,New / Promising,0
C00164,12875.16,5,225,9.463132818560817,2,4,3,243,243,Frequent but at risk,0
C00165,16423.26,2,224,9.706514789065432,2,1,4,214,214,Other,0
C00166,9807.17,3,40,9.190970990815341,5,2,3,523,523,New / Promising,0
C00167,1941.69,1,158,7.571828889556324,3,1,1,311,311,Other,1
C00168,15408.27,5,138,9.642724555355612,3,4,4,344,344,Loyal,0
C00169,10405.02,2,303,9.250139763816497,1,1,3,113,113,Other,1
C00170,7800.99,3,105,8.962134108343145,3,2,2,322,322,Other,0
C00171,3206.77,3,52,8.073331270655542,4,2,1,421,421,New / Promising,1
C00172,30617.32,6,146,10.329353801605887,3,5,5,355,355,Loyal,0
C00173,14527.07,4,94,9.583837919111405,4,3,4,434,434,Loyal,0
C00174,24891.57,6,97,10.12232464435028,4,5,5,455,455,Champions,0
C00175,8963.33,2,59,9.101008648165559,4,1,3,413,413,New / Promising,0
C00176,9309.619999999999,3,273,9.138910963112837,2,2,3,223,223,Other,1
C00177,7267.16,3,59,8.891258443583052,4,2,2,422,422,New / Promising,0
C00178,10253.539999999999,3,598,9.23547581333269,1,2,3,123,123,Other,1
C00179,22680.14,5,218,10.029289021128733,2,4,5,245,245,Frequent but at risk,0
C00180,6374.4,3,339,8.760202113156275,1,2,2,122,122,At Risk / Churn,1
C00181,6511.68,4,475,8.781506324835139,1,3,2,132,132,Other,1
C00182,7204.27,2,515,8.882567981707895,1,1,2,112,112,At Risk / Churn,1
C00183,9514.92,5,44,9.160721464493857,5,4,3,543,543,Loyal,0
C00184,2317.9700000000003,2,165,7.748878400561245,3,1,1,311,311,Other,1
C00185,9131.81,3,332,9.119628702796312,1,2,3,123,123,Other,1
C00186,11843.43,4,114,9.379612993864724,3,3,3,333,333,Loyal,0
C00187,11295.09,3,76,9.33221192712338,4,2,3,423,423,New / Promising,0
C00188,18555.82,5,64,9.828592655453571,4,4,4,444,444,Champions,0
C00189,13805.35,3,68,9.53288391023862,4,2,4,424,424,New / Promising,0
C00190,14040.11,2,375,9.549744734283799,1,1,4,114,114,Other,1
C00191,11079.49,2,572,9.312941183150144,1,1,3,113,113,Other,1
C00192,20404.34,12,16,9.923551910283788,5,5,5,555,555,Champions,0
C00193,17845.69,4,219,9.789573335839073,2,3,4,234,234,Other,0
C00194,27218.44,5,89,10.21168670288582,4,4,5,445,445,Champions,0
C00195,17838.379999999997,5,161,9.78916365216686,3,4,4,344,344,Loyal,0
C00196,2624.59,2,148,7.873060911675314,3,1,1,311,311,Other,1
C00198,18157.28,6,88,9.806881934013274,4,5,4,454,454,Champions,0
C00199,14249.23,5,12,9.56452832591742,5,4,4,544,544,Champions,0
C00200,12484.65,4,84,9.43233526383364,4,3,3,433,433,Loyal,0
C00201,28997.440000000002,4,17,10.274997314418261,5,3,5,535,535,Loyal,0
C00202,13334.689999999999,3,283,9.498199178809523,2,2,3,223,223,Other,0
C00204,584.52,2,13,6.372500341292971,5,1,1,511,511,New / Promising,1
C00205,12683.880000000001,2,113,9.44816601199652,3,1,3,313,313,Other,0
C00206,4586.74,1,562,8.431142807070682,1,1,1,111,111,At Risk / Churn,1
C00207,16651.09,6,240,9.720291013056446,2,5,4,254,254,Frequent but at risk,0
C00208,16471.47,4,299,9.709445781569137,1,3,4,134,134,Other,0
C00209,14052.3,5,366,9.550612522627812,1,4,4,144,144,Frequent but at risk,0
C00210,13725.300000000001,5,227,9.527068979560784,2,4,4,244,244,Frequent but at risk,0
C00211,2758.06,2,444,7.922645320990609,1,1,1,111,111,At Risk / Churn,1
C00212,4307.53,2,332,8.368352057635736,1,1,1,111,111,At Risk / Churn,1
C00213,15093.79,7,166,9.622104930152814,3,5,4,354,354,Loyal,0
C00214,19432.93,4,269,9.874775786458144,2,3,5,235,235,Other,0
C00215,37624.3,9,146,10.535431975441316,3,5,5,355,355,Loyal,0
C00216,812.17,1,147,6.700940189780036,3,1,1,311,311,Other,1
C00217,1200.77,2,31,7.091550749032092,5,1,1,511,511,New / Promising,1
C00218,37044.15,6,50,10.519892717971997,4,5,5,455,455,Champions,0
C00219,14719.15,5,99,9.59697258244834,4,4,4,444,444,Champions,0
C00220,1430.8,2,347,7.266687672962084,1,1,1,111,111,At Risk / Churn,1
C00221,11828.67,6,129,9.378366061401612,3,5,3,353,353,Loyal,0
C00222,2847.38,1,84,7.954505690597572,4,1,1,411,411,New / Promising,1
C00223,17606.62,6,9,9.776087041873922,5,5,4,554,554,Champions,0
C00224,11777.48,3,511,9.374029416622134,1,2,3,123,123,Other,1
C00225,4076.14,1,154,8.31315104120442,3,1,1,311,311,Other,1
C00226,8902.1,3,266,9.094154809679523,2,2,3,223,223,Other,1
C00227,6128.72,2,86,8.720904350888663,4,1,2,412,412,New / Promising,0
C00228,14190.04,4,151,9.560366058518467,3,3,4,334,334,Loyal,0
C00229,18017.78,5,200,9.799169826317689,2,4,4,244,244,Frequent but at risk,0
C00230,17401.32,3,203,9.764358809647854,2,2,4,224,224,Other,0
C00231,23024.97,6,46,10.04437798835775,4,5,5,455,455,Champions,0
C00232,12131.86,3,59,9.403672753206763,4,2,3,423,423,New / Promising,0
C00233,20612.45,8,36,9.933699054344318,5,5,5,555,555,Champions,0
C00234,11303.99,3,180,9.332999500147327,2,2,3,223,223,Other,0
C00236,18216.31,4,199,9.810127519958005,2,3,4,234,234,Other,0
C00237,13459.6,3,50,9.507522178728246,4,2,4,424,424,New / Promising,0
C00238,14142.089999999998,3,291,9.556981444572337,1,2,4,124,124,Other,0
C00239,8678.54,2,7,9.068723810858385,5,1,2,512,512,New / Promising,0
C00240,16052.279999999999,3,5,9.683668469049937,5,2,4,524,524,New / Promising,0
C00241,10725.41,5,88,9.280464203686456,4,4,3,443,443,Loyal,0
C00242,15775.07,4,211,9.666249513952248,2,3,4,234,234,Other,0
C00243,16182.609999999999,4,18,9.69175428068278,5,3,4,534,534,Loyal,0
C00244,2485.13,2,378,7.818482563543337,1,1,1,111,111,At Risk / Churn,1
C00245,1150.85,1,553,7.049124624444662,1,1,1,111,111,At Risk / Churn,1
C00246,6526.29,2,566,8.783747128473998,1,1,2,112,112,At Risk / Churn,1
C00247,9415.09,4,73,9.150175207093245,4,3,3,433,433,Loyal,0
C00248,13970.76,5,241,9.544793428567626,2,4,4,244,244,Frequent but at risk,0
C00250,13758.82,6,13,9.529508030006424,5,5,4,554,554,Champions,0
C00251,6348.58,3,15,8.756143947966994,5,2,2,522,522,New / Promising,0
C00252,7253.73,4,25,8.889408948912465,5,3,2,532,532,Other,0
C00253,21453.85,7,77,9.973706006023884,4,5,5,455,455,Champions,0
C00254,10376.9,3,179,9.24743382411329,2,2,3,223,223,Other,0
C00255,8154.469999999999,2,374,9.006444146748146,1,1,2,112,112,At Risk / Churn,1
C00256,898.14,1,569,6.801438750934501,1,1,1,111,111,At Risk / Churn,1
C00257,7516.29,7,92,8.924960979653743,4,5,2,452,452,Other,0
C00258,16698.489999999998,6,176,9.723133459016369,2,5,4,254,254,Frequent but at risk,0
C00260,11185.779999999999,2,339,9.322488002970175,1,1,3,113,113,Other,1
C00261,4485.63,3,386,8.408857142134659,1,2,1,121,121,At Risk / Churn,1
C00262,37044.48,6,67,10.519901625981012,4,5,5,455,455,Champions,0
C00263,34106.2,6,64,10.43726378467893,4,5,5,455,455,Champions,0
C00264,14423.939999999999,4,92,9.576713931922242,4,3,4,434,434,Loyal,0
C00265,20961.22,5,49,9.950477048856806,4,4,5,445,445,Champions,0
C00266,8218.39,2,134,9.01425127605084,3,1,2,312,312,Other,0
C00267,595.4399999999999,1,48,6.390978649722706,4,1,1,411,411,New / Promising,1
C00268,18928.94,4,78,9.848500074626237,4,3,4,434,434,Loyal,0
C00269,31378.28,4,7,10.353903081473124,5,3,5,535,535,Loyal,0
C00270,14999.95,5,37,9.61586881141221,5,4,4,544,544,Champions,0
C00271,11600.77,5,258,9.358912951661262,2,4,3,243,243,Frequent but at risk,0
C00272,24628.68,6,66,10.111707498744353,4,5,5,455,455,Champions,0
C00273,11512.38,5,77,9.351265116295915,4,4,3,443,443,Loyal,0
C00274,7890.219999999999,3,306,8.973506027995533,1,2,2,122,122,At Risk / Churn,1
C00275,8083.56,5,144,8.997711348761582,3,4,2,342,342,Other,0
C00276,24994.78,5,39,10.126462289602014,5,4,5,545,545,Champions,0
C00277,1327.61,1,293,7.191888561922671,1,1,1,111,111,At Risk / Churn,1
C00278,6372.18,2,90,8.759853839070464,4,1,2,412,412,New / Promising,0
C00279,19661.46,3,22,9.886466513035156,5,2,5,525,525,New / Promising,0
C00280,26810.4,10,270,10.196582449187773,2,5,5,255,255,Frequent but at risk,0
C00281,15842.84,6,142,9.670536060230832,3,5,4,354,354,Loyal,0
C00282,9096.4,2,88,9.115743937395125,4,1,3,413,413,New / Promising,0
C00283,17119.63,4,248,9.748039448084084,2,3,4,234,234,Other,0
C00284,12750.46,3,79,9.453401053834746,4,2,3,423,423,New / Promising,0
C00285,5676.4,2,257,8.644248660438423,2,1,2,212,212,At Risk / Churn,1
C00286,10375.84,2,580,9.247331678771944,1,1,3,113,113,Other,1
C00287,13046.84,3,616,9.47637788180997,1,2,3,123,123,Other,1
C00288,5102.39,3,91,8.537660303775663,4,2,2,422,422,New / Promising,0
C00289,13325.05,5,39,9.497476045179079,5,4,3,543,543,Loyal,0
C00291,14018.91,4,124,9.54823374116712,3,3,4,334,334,Loyal,0
C00292,13758.5,4,105,9.52948477361782,3,3,4,334,334,Loyal,0
C00293,5174.21,4,135,8.551635197020381,3,3,2,332,332,Other,0
C00294,6426.3,3,58,8.768309822358763,4,2,2,422,422,New / Promising,0
C00296,110.24,1,651,4.711690029365764,1,1,1,111,111,At Risk / Churn,1
C00297,4550.9400000000005,2,627,8.423308794699965,1,1,1,111,111,At Risk / Churn,1
C00298,34713.659999999996,6,23,10.454917355102252,5,5,5,555,555,Champions,0
C00299,4089.65,3,161,8.316459160615112,3,2,1,321,321,Other,1
C00300,12165.189999999999,5,115,9.4064160720528,3,4,3,343,343,Loyal,0
C00301,8769.15,4,76,9.07910918898279,4,3,2,432,432,Other,0
C00302,984.3299999999999,2,289,6.892976610444328,1,1,1,111,111,At Risk / Churn,1
C00303,4801.7,1,163,8.476933538752158,3,1,1,311,311,Other,1
C00304,15316.24,4,210,9.636734270406459,2,3,4,234,234,Other,0
C00305,7324.6,4,66,8.899130341793523,4,3,2,432,432,Other,0
C00306,14364.19,3,74,9.572563197918331,4,2,4,424,424,New / Promising,0
C00307,20922.39,5,119,9.948622950939944,3,4,5,345,345,Loyal,0
C00308,6648.43,5,83,8.802286415690507,4,4,2,442,442,Other,0
C00309,14159.36,3,69,9.558201790653348,4,2,4,424,424,New / Promising,0
C00310,18154.54,5,96,9.806731027278307,4,4,4,444,444,Champions,0
C00311,15787.33,4,253,9.667026338515143,2,3,4,234,234,Other,0
C00312,7371.67,3,469,8.905535199087538,1,2,2,122,122,At Risk / Churn,1
C00313,3598.95,4,193,8.188675235458861,2,3,1,231,231,Other,1
C00314,15454.18,5,197,9.645699501214667,2,4,4,244,244,Frequent but at risk,0
C00315,8645.73,1,367,9.06493649377072,1,1,2,112,112,At Risk / Churn,1
C00316,12159.980000000001,4,281,9.405987744378052,2,3,3,233,233,Other,0
C00317,13640.09,7,25,9.520841840228117,5,5,4,554,554,Champions,0
C00318,6350.33,1,258,8.756419518774294,2,1,2,212,212,At Risk / Churn,1
C00319,22416.66,6,49,10.017604320081874,4,5,5,455,455,Champions,0
C00320,8835.22,5,121,9.08661446237401,3,4,3,343,343,Loyal,0
C00321,20921.97,5,147,9.948602877509423,3,4,5,345,345,Loyal,0
C00322,8320.06,3,129,9.026544929546228,3,2,2,322,322,Other,0
C00323,6648.089999999999,3,19,8.802235282180902,5,2,2,522,522,New / Promising,0
C00324,35100.54,7,135,10.466000283135369,3,5,5,355,355,Loyal,0
C00325,29687.809999999998,7,60,10.29852548611925,4,5,5,455,455,Champions,0
C00326,4819.79,4,100,8.480693094029379,3,3,1,331,331,Other,0
C00327,20321.2,8,76,9.919469163548428,4,5,5,455,455,Champions,0
C00328,8927.18,2,322,9.096967845708178,1,1,3,113,113,Other,1
C00329,11387.82,3,142,9.340387451425599,3,2,3,323,323,Other,0
C00330,5116.27,3,471,8.540376372705216,1,2,2,122,122,At Risk / Churn,1
C00331,9295.76,4,223,9.13742123134369,2,3,3,233,233,Other,0
C00332,12032.22,4,13,9.395426437325963,5,3,3,533,533,Loyal,0
C00333,9498.07,2,367,9.158949178059787,1,1,3,113,113,Other,1
C00334,42384.14,7,142,10.654553108092378,3,5,5,355,355,Loyal,0
C00335,15435.210000000001,5,190,9.644471327125736,2,4,4,244,244,Frequent but at risk,0
C00336,25478.65,5,123,10.14563537332802,3,4,5,345,345,Loyal,0
C00337,30637.19,7,22,10.330002549002593,5,5,5,555,555,Champions,0
C00338,17067.510000000002,3,151,9.744990524339565,3,2,4,324,324,Other,0
C00339,13833.15,4,34,9.534895451952695,5,3,4,534,534,Loyal,0
C00340,13554.96,3,25,9.51458158199966,5,2,4,524,524,New / Promising,0
C00341,7338.68,4,114,8.901050523927951,3,3,2,332,332,Other,0
C00342,1089.18,2,297,6.9940980992041535,1,1,1,111,111,At Risk / Churn,1
C00343,20408.09,6,104,9.923735668822644,3,5,5,355,355,Loyal,0
C00344,12617.529999999999,3,374,9.442921647535714,1,2,3,123,123,Other,1
C00345,13766.98,4,110,9.530100885246508,3,3,4,334,334,Loyal,0
C00346,14235.08,6,49,9.563534866170349,4,5,4,454,454,Champions,0
C00347,123.3,1,625,4.822697998516666,1,1,1,111,111,At Risk / Churn,1
C00348,20581.91,5,211,9.932216398808995,2,4,5,245,245,Frequent but at risk,0
C00349,8579.79,3,540,9.057281262835478,1,2,2,122,122,At Risk / Churn,1
C00350,15323.140000000001,5,127,9.63718464177463,3,4,4,344,344,Loyal,0
C00351,9844.29,3,169,9.194748447216332,3,2,3,323,323,Other,0
C00352,6512.139999999999,4,217,8.781576953785974,2,3,2,232,232,Other,1
C00353,24913.23,6,17,10.123194405160671,5,5,5,555,555,Champions,0
C00354,14730.56,5,154,9.597747410162643,3,4,4,344,344,Loyal,0
C00355,3611.51,2,127,8.192158100582946,3,1,1,311,311,Other,1
C00356,10725.69,5,2,9.280490307140038,5,4,3,543,543,Loyal,0
C00357,19396.29,6,198,9.872888644572113,2,5,5,255,255,Frequent but at risk,0
C00358,12709.919999999998,3,338,9.450216745513554,1,2,3,123,123,Other,0
C00359,8390.54,3,33,9.03497933446511,5,2,2,522,522,New / Promising,0
C00360,24378.35,5,208,10.101491741482143,2,4,5,245,245,Frequent but at risk,0
C00361,22943.13,4,383,10.040817409352613,1,3,5,135,135,Other,0
C00362,2854.16,2,65,7.956883162551338,4,1,1,411,411,New / Promising,1
C00363,6251.71,2,419,8.740770248753131,1,1,2,112,112,At Risk / Churn,1
C00364,8683.66,2,95,9.069313529952657,4,1,2,412,412,New / Promising,0
C00365,12177.23,4,74,9.407405210506841,4,3,3,433,433,Loyal,0
C00366,10596.27,4,94,9.26835169975938,4,3,3,433,433,Loyal,0
C00367,1830.82,2,264,7.5130652871317976,2,1,1,211,211,At Risk / Churn,1
C00368,5722.49,4,63,8.652334038174336,4,3,2,432,432,Other,0
C00369,3730.95,2,69,8.22468616423547,4,1,1,411,411,New / Promising,1
C00370,5398.54,3,424,8.594069043738717,1,2,2,122,122,At Risk / Churn,1
C00371,2346.1600000000003,1,571,7.760961365662049,1,1,1,111,111,At Risk / Churn,1
C00372,27288.399999999998,4,4,10.214253627385201,5,3,5,535,535,Loyal,0
C00373,3965.5,1,60,8.285639372742057,4,1,1,411,411,New / Promising,1
C00374,16755.59,4,121,9.726546892714628,3,3,4,334,334,Loyal,0
C00375,11049.77,2,142,9.310255387776053,3,1,3,313,313,Other,0
C00376,6548.46,2,271,8.787137882482616,2,1,2,212,212,At Risk / Churn,1
C00377,17485.41,5,6,9.769179286795245,5,4,4,544,544,Champions,0
C00378,22724.63,7,92,10.031248641433688,4,5,5,455,455,Champions,0
C00379,13620.94,3,108,9.51943700715201,3,2,4,324,324,Other,0
C00380,30663.82,5,15,10.330871348158624,5,4,5,545,545,Champions,0
C00381,32114.309999999998,7,179,10.377088142455518,2,5,5,255,255,Frequent but at risk,0
C00382,5512.0599999999995,2,36,8.614875101897049,5,1,2,512,512,New / Promising,0
C00383,27504.86,5,90,10.22215435186311,4,4,5,445,445,Champions,0
C00384,19257.98,8,98,9.865732724448154,4,5,5,455,455,Champions,0
C00385,14499.23,4,3,9.58191979035183,5,3,4,534,534,Loyal,0
C00386,16868.420000000002,3,267,9.733257794391786,2,2,4,224,224,Other,0
C00387,15558.51,6,153,9.65242730623396,3,5,4,354,354,Loyal,0
C00388,7775.0,2,194,8.958797346140274,2,1,2,212,212,At Risk / Churn,1
C00389,2415.8599999999997,1,580,7.790224455980781,1,1,1,111,111,At Risk / Churn,1
C00390,6558.549999999999,3,48,8.788677282024238,4,2,2,422,422,New / Promising,0
C00391,4682.34,2,83,8.451766809580313,4,1,1,411,411,New / Promising,1
C00392,12675.55,4,155,9.447509108951262,3,3,3,333,333,Loyal,0
C00393,30336.120000000003,5,17,10.320127324204451,5,4,5,545,545,Champions,0
C00394,3688.81,2,72,8.213330245193985,4,1,1,411,411,New / Promising,1
C00395,21265.45,6,82,9.9648859925251,4,5,5,455,455,Champions,0
C00396,7064.37,4,19,8.862960664589503,5,3,2,532,532,Other,0
C00397,21663.29,4,210,9.983420561885332,2,3,5,235,235,Other,0
C00398,2622.51,3,27,7.872268394821427,5,2,1,521,521,New / Promising,1
C00399,9958.14,3,299,9.206246001469141,1,2,3,123,123,Other,1
C00400,17194.05,6,49,9.752376830684181,4,5,4,454,454,Champions,0
C00401,35152.7,7,121,10.467485154856929,3,5,5,355,355,Loyal,0
C00402,16214.46,7,33,9.693720387133357,5,5,4,554,554,Champions,0
C00403,15659.65,4,128,9.658906475707667,3,3,4,334,334,Loyal,0
C00404,22660.13,6,72,10.02840640094677,4,5,5,455,455,Champions,0
C00405,12603.59,3,289,9.441816312317924,1,2,3,123,123,Other,0
C00406,5201.04,3,104,8.556806135329284,3,2,2,322,322,Other,1
C00407,15684.17,4,332,9.660470958946663,1,3,4,134,134,Other,0
C00408,27081.23,5,173,10.206633072232503,3,4,5,345,345,Loyal,0
C00409,6945.9,4,226,8.846050795886526,2,3,2,232,232,Other,0
C00410,259.71,1,569,5.563408678470003,1,1,1,111,111,At Risk / Churn,1
C00411,29806.829999999998,7,43,10.302526389658171,5,5,5,555,555,Champions,0
C00412,4549.46,4,188,8.422983605735945,2,3,1,231,231,Other,1
C00413,13999.78,3,188,9.546868321331127,2,2,4,224,224,Other,0
C00415,9914.45,3,178,9.201849425703116,2,2,3,223,223,Other,0
C00416,13954.380000000001,3,171,9.543620375983057,3,2,4,324,324,Other,0
C00417,384.74,1,280,5.955163567381651,2,1,1,211,211,At Risk / Churn,1
C00418,6420.639999999999,2,482,8.767428815775169,1,1,2,112,112,At Risk / Churn,1
C00419,1586.98,2,411,7.370218047269332,1,1,1,111,111,At Risk / Churn,1
C00420,5204.41,3,254,8.557453748359908,2,2,2,222,222,At Risk / Churn,1
C00421,19147.98,8,86,9.86000472948266,4,5,5,455,455,Champions,0
C00422,2334.3599999999997,2,18,7.755921333808028,5,1,1,511,511,New / Promising,1
C00423,17631.27,5,145,9.777486024902547,3,4,4,344,344,Loyal,0
C00424,4133.52,4,34,8.32712651849482,5,3,1,531,531,Other,0
C00426,3237.63,1,279,8.08290567985837,2,1,1,211,211,At Risk / Churn,1
C00427,20722.14,4,34,9.939006229293271,5,3,5,535,535,Loyal,0
C00428,8711.74,5,155,9.072541601317786,3,4,2,342,342,Other,0
C00429,5298.509999999999,3,24,8.575369642435998,5,2,2,522,522,New / Promising,0
C00430,8123.450000000001,3,131,9.002633312599018,3,2,2,322,322,Other,0
C00431,2928.25,2,270,7.982501696548265,2,1,1,211,211,At Risk / Churn,1
C00432,22274.64,5,25,10.011248983688326,5,4,5,545,545,Champions,0
C00433,237.56,2,504,5.474620851016429,1,1,1,111,111,At Risk / Churn,1
C00434,760.69,1,98,6.63553964876427,4,1,1,411,411,New / Promising,1
C00435,6942.24,5,133,8.845523803345817,3,4,2,342,342,Other,0
C00436,21360.09,7,43,9.969326321734695,5,5,5,555,555,Champions,0
C00437,12537.03,4,82,9.436521704557164,4,3,3,433,433,Loyal,0
C00438,17948.81,4,19,9.795334808902187,5,3,4,534,534,Loyal,0
C00439,6557.7,1,364,8.788547691568013,1,1,2,112,112,At Risk / Churn,1
C00440,7208.99,4,44,8.883222843315481,5,3,2,532,532,Other,0
C00441,10850.99,5,477,9.292103752289272,1,4,3,143,143,Frequent but at risk,1
C00442,5519.6,3,349,8.61624182901637,1,2,2,122,122,At Risk / Churn,1
C00443,17200.760000000002,3,425,9.752766983148035,1,2,4,124,124,Other,0
C00444,4426.18,1,625,8.395518091494448,1,1,1,111,111,At Risk / Churn,1
C00445,28777.5,7,16,10.26738385955564,5,5,5,555,555,Champions,0
C00446,36345.9,8,57,10.500864197344209,4,5,5,455,455,Champions,0
C00447,15666.48,7,302,9.659342505570171,1,5,4,154,154,Frequent but at risk,0
C00448,24952.74,6,31,10.124778989745412,5,5,5,555,555,Champions,0
C00449,10914.24,2,38,9.297915256832095,5,1,3,513,513,New / Promising,0
C00451,29278.27,9,224,10.284635036070458,2,5,5,255,255,Frequent but at risk,0
C00452,13214.539999999999,3,375,9.489148688859606,1,2,3,123,123,Other,1
C00453,6866.93,2,55,8.834618029769736,4,1,2,412,412,New / Promising,0
C00454,10055.29,3,31,9.215953588358637,5,2,3,523,523,New / Promising,0
C00455,10579.83,4,61,9.26679915224074,4,3,3,433,433,Loyal,0
C00456,205.6,1,325,5.330784556685538,1,1,1,111,111,At Risk / Churn,1
C00457,11991.41,3,188,9.392029228657627,2,2,3,223,223,Other,0
C00458,1809.3,3,83,7.501247856381898,4,2,1,421,421,New / Promising,1
C00459,7317.320000000001,3,278,8.8981360724176,2,2,2,222,222,At Risk / Churn,1
C00460,5415.91,2,135,8.597280821157685,3,1,2,312,312,Other,1
C00461,10956.96,2,214,9.301821411790549,2,1,3,213,213,Other,0
C00462,13796.76,5,29,9.532261539129587,5,4,4,544,544,Champions,0
C00463,17809.32,5,37,9.787533343556321,5,4,4,544,544,Champions,0
C00464,3072.57,3,97,8.030595031425273,4,2,1,421,421,New / Promising,1
C00465,20219.87,5,49,9.914470518355072,4,4,5,445,445,Champions,0
C00466,10979.66,6,157,9.303890822546649,3,5,3,353,353,Loyal,0
C00467,34409.74,8,51,10.446124003936633,4,5,5,455,455,Champions,0
C00468,3007.09,2,300,8.009060604834897,1,1,1,111,111,At Risk / Churn,1
C00469,13783.32,5,125,9.531286993260407,3,4,4,344,344,Loyal,0
C00470,10248.56,4,156,9.234990056815903,3,3,3,333,333,Loyal,0
C00471,17140.7,4,134,9.749269370430643,3,3,4,334,334,Loyal,0
C00472,37487.38,7,1,10.53178629727324,5,5,5,555,555,Champions,0
C00473,15840.0,4,66,9.670356794688852,4,3,4,434,434,Loyal,0
C00474,14354.240000000002,7,48,9.571870311328675,4,5,4,454,454,Champions,0
C00475,6300.16,2,234,8.748489022414459,2,1,2,212,212,At Risk / Churn,1
C00476,6986.1,5,138,8.851820870744291,3,4,2,342,342,Other,0
C00477,17766.08,4,139,9.78510258575555,3,3,4,334,334,Loyal,0
C00478,14083.05,2,123,9.552798230396446,3,1,4,314,314,Other,0
C00479,8211.73,5,140,9.013440668488983,3,4,2,342,342,Other,0
C00480,23417.63,5,72,10.06128713842959,4,4,5,445,445,Champions,0
C00482,12355.47,3,135,9.421935091515103,3,2,3,323,323,Other,0
C00483,13370.05,2,570,9.500847201043767,1,1,3,113,113,Other,1
C00484,9857.76,3,327,9.19611567903906,1,2,3,123,123,Other,1
C00485,18444.35,5,109,9.822567585182815,3,4,4,344,344,Loyal,0
C00486,11693.970000000001,5,221,9.366914113816186,2,4,3,243,243,Frequent but at risk,0
C00487,5306.23,4,396,8.576825320875033,1,3,2,132,132,Other,1
C00488,28659.42,7,4,10.263272355845617,5,5,5,555,555,Champions,0
C00489,11116.96,1,547,9.31631709773756,1,1,3,113,113,Other,1
C00490,5271.1900000000005,2,353,8.570201114986656,1,1,2,112,112,At Risk / Churn,1
C00491,12892.0,2,89,9.464439807410837,4,1,3,413,413,New / Promising,0
C00492,17736.54,5,47,9.783438576574987,4,4,4,444,444,Champions,0
C00493,31678.149999999998,4,223,10.363414014760329,2,3,5,235,235,Other,0
C00494,13389.15,4,287,9.502274641012315,2,3,3,233,233,Other,0
C00495,12965.61,5,12,9.47013287074893,5,4,3,543,543,Loyal,0
C00496,7567.72,1,313,8.931779243627156,1,1,2,112,112,At Risk / Churn,1
C00497,6780.629999999999,3,49,8.821972765019224,4,2,2,422,422,New / Promising,0
C00498,19099.829999999998,5,56,9.857487068587941,4,4,4,444,444,Champions,0
C00499,552.45,1,682,6.316171413831633,1,1,1,111,111,At Risk / Churn,1
C00500,15625.619999999999,5,8,9.656731149230202,5,4,4,544,544,Champions,0
C00501,1998.06,3,212,7.600432349057463,2,2,1,221,221,At Risk / Churn,1
C00502,14124.88,4,210,9.555763854958977,2,3,4,234,234,Other,0
C00503,15333.810000000001,4,14,9.637880686513983,5,3,4,534,534,Loyal,0
C00504,10632.72,3,106,9.271785363080049,3,2,3,323,323,Other,0
C00505,4879.92,3,383,8.49308900566883,1,2,1,121,121,At Risk / Churn,1
C00506,18563.73,5,85,9.829018823009598,4,4,4,444,444,Champions,0
C00507,24226.16,7,166,10.095229596870773,3,5,5,355,355,Loyal,0
C00508,2179.96,3,229,7.687520425822533,2,2,1,221,221,At Risk / Churn,1
C00509,11892.66,3,466,9.383760764016355,1,2,3,123,123,Other,1
C00510,23766.079999999998,5,104,10.076056708887398,3,4,5,345,345,Loyal,0
C00511,9081.19,4,49,9.114070631941157,4,3,3,433,433,Loyal,0
C00512,14674.630000000001,4,9,9.593943573928147,5,3,4,534,534,Loyal,0
C00513,20972.79,4,177,9.951028841947926,2,3,5,235,235,Other,0
C00514,17032.74,6,105,9.74295136199407,3,5,4,354,354,Loyal,0
C00515,15742.779999999999,8,44,9.664200645617168,5,5,4,554,554,Champions,0
C00516,13999.5,3,236,9.54684832224537,2,2,4,224,224,Other,0
C00517,3529.2200000000003,1,64,8.169115470931525,4,1,1,411,411,New / Promising,1
C00518,13567.57,8,9,9.515511367762471,5,5,4,554,554,Champions,0
C00519,15928.630000000001,5,27,9.675936176017906,5,4,4,544,544,Champions,0
C00520,28655.34,6,7,10.26312998911006,5,5,5,555,555,Champions,0
C00521,4638.85,1,260,8.442437317111546,2,1,1,211,211,At Risk / Churn,1
C00522,20055.53,2,58,9.906310065496148,4,1,5,415,415,New / Promising,0
C00523,554.76,1,221,6.320336546384626,2,1,1,211,211,At Risk / Churn,1
C00524,5821.63,2,117,8.669507328688296,3,1,2,312,312,Other,1
C00525,2400.7200000000003,3,221,7.783940426319778,2,2,1,221,221,At Risk / Churn,1
C00526,42954.090000000004,10,38,10.667910430285886,5,5,5,555,555,Champions,0
C00527,10558.65,3,9,9.264795412771585,5,2,3,523,523,New / Promising,0
C00528,18500.39,5,12,9.825601143379048,5,4,4,544,544,Champions,0
C00529,5412.0,2,14,8.596558746796978,5,1,2,512,512,New / Promising,0
C00530,19527.95,3,290,9.87965325898456,1,2,5,125,125,Other,0
C00531,8417.53,2,127,9.038190507671715,3,1,2,312,312,Other,0
C00532,10112.039999999999,4,90,9.2215809591994,4,3,3,433,433,Loyal,0
C00533,4616.7300000000005,2,5,8.437658521336413,5,1,1,511,511,New / Promising,0
C00534,29353.760000000002,7,140,10.28720999268561,3,5,5,355,355,Loyal,0
C00535,23101.1,6,172,10.047678801468813,3,5,5,355,355,Loyal,0
C00536,13890.279999999999,3,267,9.539016584130387,2,2,4,224,224,Other,0
C00537,13000.66,3,213,9.472832320599398,2,2,3,223,223,Other,0
C00538,1413.24,2,497,7.2543475633126375,1,1,1,111,111,At Risk / Churn,1
C00539,12361.039999999999,2,553,9.422385765936358,1,1,3,113,113,Other,1
C00540,11886.039999999999,5,9,9.383204009995573,5,4,3,543,543,Loyal,0
C00541,23999.76,5,77,10.08584077549537,4,4,5,445,445,Champions,0
C00542,14762.63,6,354,9.599922002876768,1,5,4,154,154,Frequent but at risk,0
C00543,414.06,1,494,6.028423088093514,1,1,1,111,111,At Risk / Churn,1
C00544,15504.51,4,46,9.648950723608884,4,3,4,434,434,Loyal,0
C00545,21991.739999999998,6,176,9.998467677878471,2,5,5,255,255,Frequent but at risk,0
C00546,17649.96,3,12,9.778545451817154,5,2,4,524,524,New / Promising,0
C00547,8451.050000000001,5,429,9.042164294478033,1,4,2,142,142,Frequent but at risk,1
C00548,13070.35,3,187,9.478178091261272,2,2,3,223,223,Other,0
C00549,22245.190000000002,5,144,10.00992603697678,3,4,5,345,345,Loyal,0
C00550,10397.58,5,528,9.249424537345702,1,4,3,143,143,Frequent but at risk,1
C00551,10972.630000000001,2,77,9.30325040099439,4,1,3,413,413,New / Promising,0
C00552,2840.24,2,220,7.951995855582909,2,1,1,211,211,At Risk / Churn,1
C00553,15116.57,4,113,9.623612922531885,3,3,4,334,334,Loyal,0
C00554,2641.81,1,419,7.879598024014169,1,1,1,111,111,At Risk / Churn,1
C00555,32789.55,7,44,10.39789564310455,5,5,5,555,555,Champions,0
C00556,8233.44,3,47,9.016080637870813,4,2,2,422,422,New / Promising,0
C00557,1951.58,1,305,7.576906853985862,1,1,1,111,111,At Risk / Churn,1
C00558,17539.46,8,117,9.772265491351954,3,5,4,354,354,Loyal,0
C00559,3293.48,3,5,8.100003619611513,5,2,1,521,521,New / Promising,1
C00560,1863.31,3,46,7.530646290430601,4,2,1,421,421,New / Promising,1
C00561,23837.149999999998,5,20,10.079042517497058,5,4,5,545,545,Champions,0
C00562,7401.26,3,4,8.90954063797093,5,2,2,522,522,New / Promising,0
C00563,6470.009999999999,3,7,8.775087480412276,5,2,2,522,522,New / Promising,0
C00565,12799.99,3,316,9.457277790666835,1,2,3,123,123,Other,0
C00566,32868.93,4,12,10.400313537054537,5,3,5,535,535,Loyal,0
C00567,5138.35,2,361,8.54468189130861,1,1,2,112,112,At Risk / Churn,1
C00568,8443.85,2,307,9.041312067094811,1,1,2,112,112,At Risk / Churn,1
C00569,25624.4,5,52,10.151339326074975,4,4,5,445,445,Champions,0
C00570,4173.7699999999995,1,445,8.336814545947096,1,1,1,111,111,At Risk / Churn,1
C00571,7577.91,5,149,8.933124668823986,3,4,2,342,342,Other,0
C00572,4597.58,1,219,8.433502839168701,2,1,1,211,211,At Risk / Churn,1
C00573,1182.17,2,227,7.075952556105573,2,1,1,211,211,At Risk / Churn,1
C00574,10726.82,5,70,9.280595646297263,4,4,3,443,443,Loyal,0
C00575,2505.73,4,160,7.826734393914044,3,3,1,331,331,Other,1
C00576,7873.33,3,160,8.9713633807093,3,2,2,322,322,Other,0
C00577,6223.8,5,14,8.73629659230272,5,4,2,542,542,Other,0
C00578,10149.34,2,118,9.22526248144585,3,1,3,313,313,Other,0
C00579,8600.34,2,552,9.059673284057354,1,1,2,112,112,At Risk / Churn,1
C00580,215.01999999999998,2,71,5.375370995990328,4,1,1,411,411,New / Promising,1
C00581,4534.97,3,10,8.419794231629103,5,2,1,521,521,New / Promising,0
C00582,6550.4,3,122,8.787434046248075,3,2,2,322,322,Other,0
C00583,1962.06,1,269,7.582259759270376,2,1,1,211,211,At Risk / Churn,1
C00584,1332.68,1,60,7.195697317639776,4,1,1,411,411,New / Promising,1
C00585,10019.17,5,39,9.212355340562798,5,4,3,543,543,Loyal,0
C00586,7233.07,7,143,8.886557088992735,3,5,2,352,352,Other,0
C00587,1363.92,2,574,7.218851097842933,1,1,1,111,111,At Risk / Churn,1
C00588,8957.16,3,326,9.100320127737454,1,2,3,123,123,Other,1
C00589,5424.15,5,238,8.598800827795998,2,4,2,242,242,Frequent but at risk,1
C00590,38056.64,9,42,10.5468571315708,5,5,5,555,555,Champions,0
C00591,1903.87,1,382,7.55216904376243,1,1,1,111,111,At Risk / Churn,1
C00592,8014.62,3,226,8.989147417011363,2,2,2,222,222,At Risk / Churn,1
C00593,9894.64,4,257,9.199849535075936,2,3,3,233,233,Other,0
C00594,21831.44,7,88,9.991152216087615,4,5,5,455,455,Champions,0
C00595,6063.1,4,77,8.710141417951409,4,3,2,432,432,Other,0
C00596,2530.49,3,299,7.836563341175023,1,2,1,121,121,At Risk / Churn,1
C00597,29909.83,8,67,10.305975901155389,4,5,5,455,455,Champions,0
C00599,15478.35,6,39,9.647262156598044,5,5,4,554,554,Champions,0
C00600,21871.61,5,205,9.99299044811396,2,4,5,245,245,Frequent but at risk,0
C00601,7170.96,4,24,8.877934257464629,5,3,2,532,532,Other,0
C00602,10931.07,3,178,9.299455950247363,2,2,3,223,223,Other,0
C00603,11758.74,3,492,9.372437112364677,1,2,3,123,123,Other,1
C00604,21203.9,7,110,9.961987566028673,3,5,5,355,355,Loyal,0
C00605,38246.119999999995,10,8,10.55182354230229,5,5,5,555,555,Champions,0
C00606,8702.09,3,440,9.071433413997678,1,2,2,122,122,At Risk / Churn,1
C00607,6393.449999999999,3,63,8.763185705623162,4,2,2,422,422,New / Promising,0
C00609,6122.2,3,246,8.719840114671438,2,2,2,222,222,At Risk / Churn,1
C00610,10653.130000000001,2,330,9.273702889392364,1,1,3,113,113,Other,1
C00611,15594.89,4,13,9.65476269698708,5,3,4,534,534,Loyal,0
C00612,13662.29,1,632,9.52246795332,1,1,4,114,114,Other,1
C00613,3416.48,3,231,8.136658716349817,2,2,1,221,221,At Risk / Churn,1
C00614,9567.83,6,14,9.166266219919706,5,5,3,553,553,Loyal,0
C00615,11355.68,2,150,9.337561396039632,3,1,3,313,313,Other,0
C00616,18249.29,4,73,9.811936249295345,4,3,4,434,434,Loyal,0
C00617,3383.23,4,142,8.126881685319542,3,3,1,331,331,Other,1
C00618,3943.98,2,274,8.280199163558631,2,1,1,211,211,At Risk / Churn,1
C00619,16818.57,5,61,9.73029836839635,4,4,4,444,444,Champions,0
C00620,1257.92,3,46,7.138009489531394,4,2,1,421,421,New / Promising,1
C00621,15244.76,8,102,9.632056710590392,3,5,4,354,354,Loyal,0
C00622,6386.63,4,13,8.762118586555346,5,3,2,532,532,Other,0
C00623,40510.29,10,60,10.609335979678866,4,5,5,455,455,Champions,0
C00624,10559.32,4,156,9.264858859831428,3,3,3,333,333,Loyal,0
C00625,9752.59,4,33,9.185390701349226,5,3,3,533,533,Loyal,0
C00626,9637.66,2,92,9.173537373793241,4,1,3,413,413,New / Promising,0
C00627,1862.3200000000002,1,164,7.530115121820371,3,1,1,311,311,Other,1
C00628,10116.09,5,262,9.221981352084084,2,4,3,243,243,Frequent but at risk,0
C00629,21086.920000000002,4,301,9.956455643668331,1,3,5,135,135,Other,0
C00630,1895.96,3,102,7.548007883787558,3,2,1,321,321,Other,1
C00631,9320.49,3,22,9.140077766146227,5,2,3,523,523,New / Promising,0
C00632,2725.16,1,384,7.910649304591276,1,1,1,111,111,At Risk / Churn,1
C00633,9276.1,3,105,9.135304276941946,3,2,3,323,323,Other,0
C00634,11677.39,4,182,9.365495404415318,2,3,3,233,233,Other,0
C00635,3007.4,2,109,8.009163654952248,3,1,1,311,311,Other,1
C00636,25813.86,5,84,10.15870557409548,4,4,5,445,445,Champions,0
C00637,15096.57,4,130,9.622289082700535,3,3,4,334,334,Loyal,0
C00638,7450.969999999999,3,20,8.91623370594848,5,2,2,522,522,New / Promising,0
C00639,7902.150000000001,3,446,8.975016693158981,1,2,2,122,122,At Risk / Churn,1
C00640,15936.810000000001,6,63,9.676449552692006,4,5,4,454,454,Champions,0
C00641,5738.599999999999,1,540,8.655144800474252,1,1,2,112,112,At Risk / Churn,1
C00642,19066.36,4,101,9.855733251675002,3,3,4,334,334,Loyal,0
C00643,17998.010000000002,5,101,9.798072035365747,3,4,4,344,344,Loyal,0
C00644,9533.13,4,199,9.162633271081921,2,3,3,233,233,Other,0
C00645,10369.220000000001,5,59,9.246693516041931,4,4,3,443,443,Loyal,0
C00646,23823.63,7,14,10.078475198496252,5,5,5,555,555,Champions,0
C00647,8475.279999999999,3,318,9.045026953292776,1,2,2,122,122,At Risk / Churn,1
C00648,7121.9400000000005,3,56,8.871075840525776,4,2,2,422,422,New / Promising,0
C00649,676.23,1,419,6.518010949336828,1,1,1,111,111,At Risk / Churn,1
C00650,25178.57,2,231,10.13378823040725,2,1,5,215,215,Other,0
C00651,44668.42,9,122,10.707044430156206,3,5,5,355,355,Loyal,0
C00652,17412.91,3,263,9.76502459111978,2,3,4,234,234,Other,0
C00653,10412.49,2,135,9.25085735998668,3,1,3,313,313,Other,0
C00654,19415.82,3,91,9.873894979724364,4,3,5,435,435,Loyal,0
C00655,4965.389999999999,2,362,8.51044849701589,1,1,1,111,111,At Risk / Churn,1
C00656,8931.859999999999,2,321,9.097491891352453,1,1,3,113,113,Other,1
C00657,8426.07,2,186,9.039204422371293,2,1,2,212,212,At Risk / Churn,1
C00658,38421.77,7,17,10.556405531589316,5,5,5,555,555,Champions,0
C00659,6294.57,3,324,8.747601490433231,1,3,2,132,132,Other,1
C00660,4604.77,4,274,8.435065144266279,2,3,1,231,231,Other,1
C00661,19684.78,5,11,9.887651826672073,5,4,5,545,545,Champions,0
C00662,4779.47,3,123,8.472294147011615,3,3,1,331,331,Other,1
C00663,13783.119999999999,2,281,9.531272483915663,2,1,4,214,214,Other,0
C00664,3402.6900000000005,1,461,8.132615416216002,1,1,1,111,111,At Risk / Churn,1
C00665,4700.25,2,616,8.455583709784547,1,1,1,111,111,At Risk / Churn,1
C00666,35970.0,8,1,10.490468337248462,5,5,5,555,555,Champions,0
C00667,18999.739999999998,5,13,9.85223320475857,5,4,4,544,544,Champions,0
C00668,28434.05,4,250,10.255377818135697,2,3,5,235,235,Other,0
C00669,8402.310000000001,3,9,9.036380954834078,5,3,2,532,532,Other,0
C00670,6612.84,4,7,8.79691970213936,5,4,2,542,542,Other,0
C00671,9052.91,4,14,9.110951987588646,5,4,3,543,543,Loyal,0
C00672,19999.0,4,8,9.903487552536127,5,4,5,545,545,Champions,0
C00673,20744.8,5,178,9.940099095532695,2,4,5,245,245,Frequent but at risk,0
C00674,27456.379999999997,4,218,10.220390263262347,2,4,5,245,245,Frequent but at risk,0
C00675,15011.53,6,4,9.616640464720964,5,5,4,554,554,Champions,0
C00676,1372.7800000000002,2,579,7.225321343513961,1,1,1,111,111,At Risk / Churn,1
C00677,67.23,1,480,4.222884350827332,1,1,1,111,111,At Risk / Churn,1
C00678,15361.0,2,197,9.639652206558628,2,1,4,214,214,Other,0
C00679,14466.68,3,91,9.579672475050224,4,3,4,434,434,Loyal,0
C00680,9329.43,2,528,9.141036380667908,1,1,3,113,113,Other,1
C00681,20167.079999999998,4,225,9.911856435539777,2,4,5,245,245,Frequent but at risk,0
C00682,4840.78,1,606,8.485037700695425,1,1,1,111,111,At Risk / Churn,1
C00683,21562.649999999998,6,82,9.978764305684876,4,5,5,455,455,Champions,0
C00684,37866.67,7,127,10.541852992728925,3,5,5,355,355,Loyal,0
C00685,6680.2300000000005,5,36,8.807057381317051,5,4,2,542,542,Other,0
C00686,4641.349999999999,3,350,8.44297598252717,1,3,1,131,131,Other,1
C00687,7422.889999999999,2,80,8.912458457545922,4,1,2,412,412,New / Promising,0
C00688,998.8,1,17,6.90755525897947,5,1,1,511,511,New / Promising,1
C00689,294.39,1,533,5.688296517120754,1,1,1,111,111,At Risk / Churn,1
C00690,4368.04,5,288,8.382298584322664,2,4,1,241,241,Frequent but at risk,1
C00691,33028.94,6,88,10.405169701852758,4,5,5,455,455,Champions,0
C00692,7539.59,2,496,8.928055707277553,1,1,2,112,112,At Risk / Churn,1
C00693,1058.96,3,283,6.965986450545041,2,3,1,231,231,Other,1
C00694,26223.0,8,115,10.17443030098361,3,5,5,355,355,Loyal,0
C00695,4463.43,3,154,8.403896825586955,3,3,1,331,331,Other,1
C00696,7532.7,2,222,8.927141567974168,2,1,2,212,212,At Risk / Churn,1
C00697,11321.56,5,4,9.334552474599372,5,4,3,543,543,Loyal,0
C00698,7300.49,1,235,8.895833715897995,2,1,2,212,212,At Risk / Churn,1
C00699,14375.869999999999,4,179,9.573375944161498,2,4,4,244,244,Frequent but at risk,0
C00700,45534.73,9,4,10.72625257149744,5,5,5,555,555,Champions,0
C00701,9363.32,4,45,9.14466200145706,5,4,3,543,543,Loyal,0
C00702,3548.45,3,49,8.17454794088917,4,3,1,431,431,Other,1
C00704,14341.740000000002,4,88,9.570999169820423,4,4,4,444,444,Champions,0
C00705,6021.69,4,343,8.703289282351703,1,4,2,142,142,Frequent but at risk,1
C00706,17188.73,4,275,9.752067391447259,2,4,4,244,244,Frequent but at risk,0
C00707,6260.679999999999,5,83,8.742203798696224,4,4,2,442,442,Other,0
C00708,11595.59,2,365,9.358466368360883,1,1,3,113,113,Other,1
C00709,14409.5,5,379,9.575712386517903,1,4,4,144,144,Frequent but at risk,0
C00710,11722.89,3,523,9.369383919323445,1,3,3,133,133,Other,1
C00711,14368.439999999999,8,126,9.572859008237169,3,5,4,354,354,Loyal,0
C00712,5385.32,2,7,8.591617684900369,5,1,2,512,512,New / Promising,0
C00713,2527.46,1,285,7.835365700738983,2,1,1,211,211,At Risk / Churn,1
C00714,6163.3099999999995,3,47,8.726531487193576,4,3,2,432,432,Other,0
C00715,14114.85,4,31,9.555053558498974,5,4,4,544,544,Champions,0
C00716,16836.81,6,114,9.73138223183347,3,5,4,354,354,Loyal,0
C00717,11105.300000000001,4,335,9.31526779386244,1,4,3,143,143,Frequent but at risk,0
C00718,7800.4400000000005,3,56,8.962063611022975,4,3,2,432,432,Other,0
C00719,8816.46,3,80,9.084489125666687,4,3,3,433,433,Loyal,0
C00720,12067.62,4,362,9.398363974497888,1,4,3,143,143,Frequent but at risk,0
C00721,8410.869999999999,2,348,9.037399082590003,1,1,2,112,112,At Risk / Churn,1
C00722,305.54,1,70,5.725348252570762,4,1,1,411,411,New / Promising,1
C00723,484.96,1,75,6.186126315986542,4,1,1,411,411,New / Promising,1
C00724,8885.800000000001,3,37,9.092322308702972,5,3,3,533,533,Loyal,0
C00725,15951.46,4,34,9.677368328295383,5,4,4,544,544,Champions,0
C00726,20211.07,4,187,9.914035229694937,2,4,5,245,245,Frequent but at risk,0
C00727,7927.95,2,89,8.978275897287073,4,1,2,412,412,New / Promising,0
C00728,10003.81,3,148,9.210821256332764,3,3,3,333,333,Loyal,0
C00729,1101.33,2,46,7.0051814004203905,4,1,1,411,411,New / Promising,1
C00730,3613.19,2,224,8.1926230430962,2,1,1,211,211,At Risk / Churn,1
C00731,5137.54,2,258,8.5445242714077,2,1,2,212,212,At Risk / Churn,1
C00732,3925.62,3,26,8.27553428391676,5,3,1,531,531,Other,1
C00733,22606.72,6,184,10.026046719851152,2,5,5,255,255,Frequent but at risk,0
C00734,26250.33,5,35,10.175471933402925,5,4,5,545,545,Champions,0
C00735,14052.31,3,334,9.5506132342042,1,3,4,134,134,Other,0
C00736,4372.34,2,5,8.383282298219052,5,1,1,511,511,New / Promising,1
C00737,17080.26,6,9,9.745737235113456,5,5,4,554,554,Champions,0
C00738,15474.210000000001,4,168,9.646994667735358,3,4,4,344,344,Loyal,0
C00739,13886.01,4,402,9.538709149797054,1,4,4,144,144,Frequent but at risk,0
C00740,12586.71,3,24,9.440476220105133,5,3,3,533,533,Loyal,0
C00741,2752.87,1,563,7.920762474107641,1,1,1,111,111,At Risk / Churn,1
C00742,14815.23,6,142,9.603478480523568,3,5,4,354,354,Loyal,0
C00743,21460.33,6,17,9.974007990033144,5,5,5,555,555,Champions,0
C00744,12949.67,2,448,9.468902803241086,1,1,3,113,113,Other,1
C00745,12831.74,2,321,9.459754996772718,1,1,3,113,113,Other,1
C00746,2364.66,2,257,7.768812331760751,2,1,1,211,211,At Risk / Churn,1
C00747,2863.61,3,215,7.960187494228452,2,3,1,231,231,Other,1
C00748,13707.439999999999,7,33,9.525766980524306,5,5,4,554,554,Champions,0
C00749,12151.41,3,250,9.405282783008623,2,3,3,233,233,Other,0
C00750,32909.21,6,40,10.401538222956225,5,5,5,555,555,Champions,0
C00751,4458.51,2,173,8.402794173507605,3,1,1,311,311,Other,1
C00752,8530.9,4,62,9.051567358941213,4,4,2,442,442,Other,0
C00753,31479.64,7,204,10.357128032693169,2,5,5,255,255,Frequent but at risk,0
C00754,16665.85,6,117,9.721176995681674,3,5,4,354,354,Loyal,0
C00755,33960.52,5,286,10.432983397963108,2,4,5,245,245,Frequent but at risk,0
C00756,3045.26,4,184,8.021669887658689,2,4,1,241,241,Frequent but at risk,1
C00757,1770.62,2,244,7.479649661215395,2,1,1,211,211,At Risk / Churn,1
C00758,5465.72,5,18,8.60643408119415,5,4,2,542,542,Other,0
C00759,13508.400000000001,4,42,9.51114101842102,5,4,4,544,544,Champions,0
C00760,8485.26,2,43,9.046203663991948,5,2,2,522,522,New / Promising,0
C00761,4923.04,3,492,8.501884610748197,1,3,1,131,131,Other,1
C00762,19276.22,5,214,9.866679366896664,2,4,5,245,245,Frequent but at risk,0
C00763,935.3,2,227,6.841935937944843,2,2,1,221,221,At Risk / Churn,1
C00764,8564.49,5,70,9.055496618695662,4,4,2,442,442,Other,0
C00765,17215.34,4,147,9.753614211837133,3,4,4,344,344,Loyal,0
C00766,26492.59,5,67,10.184658095922533,4,4,5,445,445,Champions,0
C00767,631.55,2,616,6.449759268860679,1,2,1,121,121,At Risk / Churn,1
C00768,22670.9,7,55,10.028881551193846,4,5,5,455,455,Champions,0
C00769,18262.5,4,55,9.812659811575587,4,4,4,444,444,Champions,0
C00770,19221.260000000002,7,40,9.863824261459685,5,5,5,555,555,Champions,0
C00771,330.72,2,110,5.804291239583003,3,2,1,321,321,Other,1
C00772,23474.34,5,4,10.063705787464656,5,4,5,545,545,Champions,0
C00773,20824.9,5,69,9.943952683388119,4,4,5,445,445,Champions,0
C00774,7929.27,3,102,8.97844236196857,3,3,2,332,332,Other,0
C00775,20096.86,6,17,9.908368620717392,5,5,5,555,555,Champions,0
C00776,14208.48,5,227,9.561664626473647,2,4,4,244,244,Frequent but at risk,0
C00777,14172.66,3,455,9.559140591499597,1,3,4,134,134,Other,1
C00778,38114.81,6,151,10.54838443567236,3,5,5,355,355,Loyal,0
C00779,9332.89,1,343,9.141407141567809,1,1,3,113,113,Other,1
C00780,16105.36,3,14,9.68696950402423,5,3,4,534,534,Loyal,0
C00781,4576.38,2,216,8.428882061022081,2,2,1,221,221,At Risk / Churn,1
C00782,25729.859999999997,5,112,10.155446328735875,3,4,5,345,345,Loyal,0
C00783,15555.21,7,197,9.652215194798815,2,5,4,254,254,Frequent but at risk,0
C00784,6854.82,2,562,8.832853205557234,1,2,2,122,122,At Risk / Churn,1
C00785,20236.03,8,204,9.915269373503728,2,5,5,255,255,Frequent but at risk,0
C00786,5545.85,3,106,8.62098547804547,3,3,2,332,332,Other,0
C00787,12335.13,3,514,9.420287634009581,1,3,3,133,133,Other,1
C00788,11706.550000000001,2,458,9.36798921181518,1,2,3,123,123,Other,1
C00789,10399.8,2,119,9.24963800524796,3,2,3,323,323,Other,0
C00791,6981.23,1,578,8.851123628972884,1,1,2,112,112,At Risk / Churn,1
C00792,11302.46,3,202,9.33286415252267,2,3,3,233,233,Other,0
C00793,5476.6,3,65,8.608422327806853,4,3,2,432,432,Other,0
C00794,5373.530000000001,3,269,8.589426407312136,2,3,2,232,232,Other,1
C00795,11935.32,2,74,9.387341131735644,4,2,3,423,423,New / Promising,0
C00796,26531.43,5,173,10.186123037358682,3,4,5,345,345,Loyal,0
C00797,12030.02,5,50,9.395243593404349,4,4,3,443,443,Loyal,0
C00798,1823.81,2,104,7.509231151007771,3,2,1,321,321,Other,1
C00799,45159.43,7,61,10.717976539918887,4,5,5,455,455,Champions,0
C00800,14179.73,8,95,9.559639279720116,4,5,4,454,454,Champions,0
C00801,15000.880000000001,4,479,9.615930805564114,1,4,4,144,144,Frequent but at risk,1
C00802,5153.68,2,292,8.547660318869584,1,2,2,122,122,At Risk / Churn,1
C00803,36467.86,6,123,10.50421402474548,3,5,5,355,355,Loyal,0
C00804,11489.69,4,19,9.34929242125906,5,4,3,543,543,Loyal,0
C00805,4426.75,4,27,8.395646833336741,5,4,1,541,541,Other,0
C00806,6935.25,2,125,8.844516561640111,3,2,2,322,322,Other,1
C00807,19535.789999999997,6,158,9.880054633698323,3,5,5,355,355,Loyal,0
C00808,13033.21,5,142,9.475332718470375,3,4,3,343,343,Loyal,0
C00809,7138.89,3,33,8.873452649052489,5,3,2,532,532,Other,0
C00810,25260.44,10,4,10.13703440140553,5,5,5,555,555,Champions,0
C00811,21677.28,7,21,9.984066116612974,5,5,5,555,555,Champions,0
C00812,6189.9,5,14,8.730835750909375,5,4,2,542,542,Other,0
C00813,1965.21,2,485,7.58386311087249,1,2,1,121,121,At Risk / Churn,1
C00814,7804.75,4,210,8.962615920581527,2,4,2,242,242,Frequent but at risk,0
C00815,16170.54,5,129,9.691008186131532,3,4,4,344,344,Loyal,0
C00816,6539.78,4,11,8.78581170339466,5,4,2,542,542,Other,0
C00817,1922.24,3,336,7.561766542793484,1,3,1,131,131,Other,1
C00818,10759.59,6,30,9.283645664926272,5,5,3,553,553,Loyal,0
C00819,6550.72,1,540,8.787482889577003,1,1,2,112,112,At Risk / Churn,1
C00820,10701.91,4,121,9.278270946091691,3,4,3,343,343,Loyal,0
C00821,15448.23,5,228,9.645314442896225,2,4,4,244,244,Frequent but at risk,0
C00822,31999.230000000003,4,358,10.373498369256033,1,4,5,145,145,Frequent but at risk,0
C00824,15974.96,3,486,9.678840371336884,1,3,4,134,134,Other,1
C00825,23522.37,6,95,10.065749674061559,4,5,5,455,455,Champions,0
C00826,8570.26,3,263,9.056170025288866,2,3,2,232,232,Other,1
C00827,3423.28,3,86,8.138646509619116,4,3,1,431,431,Other,1
C00828,25118.44,7,268,10.131397327340013,2,5,5,255,255,Frequent but at risk,0
C00829,13361.43,3,215,9.500202316778887,2,3,3,233,233,Other,0
C00830,4533.179999999999,2,337,8.41939953032356,1,2,1,121,121,At Risk / Churn,1
C00831,6023.629999999999,2,168,8.703611345684754,3,2,2,322,322,Other,1
C00832,9177.5,3,211,9.124619071570704,2,3,3,233,233,Other,0
C00833,340.32,1,407,5.832820453668384,1,1,1,111,111,At Risk / Churn,1
C00834,21050.95,5,91,9.954748471399597,4,4,5,445,445,Champions,0
C00835,27949.78,8,158,10.238200385170597,3,5,5,355,355,Loyal,0
C00836,19113.47,3,343,9.85820091883008,1,3,4,134,134,Other,0
C00837,13175.54,3,396,9.48619325462423,1,3,3,133,133,Other,1
C00838,9657.35,5,265,9.175578105163893,2,4,3,243,243,Frequent but at risk,0
C00839,17382.9,6,116,9.763299769503705,3,5,4,354,354,Loyal,0
C00840,8050.1900000000005,2,434,8.993575185574366,1,2,2,122,122,At Risk / Churn,1
C00841,10456.48,5,313,9.255072790811536,1,4,3,143,143,Frequent but at risk,0
C00842,6244.09,3,223,8.739550833985056,2,3,2,232,232,Other,1
C00843,8500.630000000001,3,606,9.04801318879979,1,3,2,132,132,Other,1
C00844,6192.37,4,206,8.731234644026651,2,4,2,242,242,Frequent but at risk,1
C00845,4740.68,2,262,8.464146782273259,2,2,1,221,221,At Risk / Churn,1
C00846,2238.88,1,451,7.714177571985514,1,1,1,111,111,At Risk / Churn,1
C00847,20346.11,5,99,9.920694166043678,4,4,5,445,445,Champions,0
C00848,22842.59,9,125,10.036425831803694,3,5,5,355,355,Loyal,0
C00849,22870.48,4,21,10.037645998521594,5,4,5,545,545,Champions,0
C00850,3871.52,3,386,8.261660736900025,1,3,1,131,131,Other,1
C00851,12333.220000000001,3,26,9.420132792266045,5,3,3,533,533,Loyal,0
C00852,570.5899999999999,2,100,6.348421951151103,3,2,1,321,321,Other,1
C00853,24509.6,5,120,10.106860956026694,3,4,5,345,345,Loyal,0
C00854,14279.13,2,112,9.566624339493593,3,2,4,324,324,Other,0
C00855,14966.93,4,448,9.613665191299484,1,4,4,144,144,Frequent but at risk,1
C00856,26037.08,5,115,10.16731536088522,3,4,5,345,345,Loyal,0
C00857,16824.46,4,137,9.73064849440665,3,4,4,344,344,Loyal,0
C00858,6865.469999999999,2,38,8.834405424922709,5,2,2,522,522,New / Promising,0
C00859,7231.19,2,68,8.8862971738508,4,2,2,422,422,New / Promising,0
C00860,25637.920000000002,6,21,10.151866788462597,5,5,5,555,555,Champions,0
C00861,21257.1,5,354,9.964493278193856,1,4,5,145,145,Frequent but at risk,0
C00862,13260.130000000001,4,118,9.492592478811812,3,4,3,343,343,Loyal,0
C00863,7351.469999999999,2,252,8.902791590175012,2,2,2,222,222,At Risk / Churn,1
C00864,17527.14,6,134,9.771562868463851,3,5,4,354,354,Loyal,0
C00865,14653.47,5,13,9.592500687359664,5,4,4,544,544,Champions,0
C00866,19762.52,5,5,9.891593093089053,5,4,5,545,545,Champions,0
C00867,4974.91,2,35,8.512363547438726,5,2,1,521,521,New / Promising,1
C00868,18061.76,4,79,9.801607639214856,4,4,4,444,444,Champions,0
C00869,30766.82,5,14,10.334224617577439,5,4,5,545,545,Champions,0
C00870,15810.25,3,487,9.668476990961752,1,3,4,134,134,Other,1
C00871,20318.55,3,210,9.919338755777908,2,3,5,235,235,Other,0
C00872,4072.06,2,321,8.312149838696305,1,2,1,121,121,At Risk / Churn,1
C00873,11487.74,4,262,9.349122704255228,2,4,3,243,243,Frequent but at risk,0
C00874,22971.53,5,38,10.042054433283427,5,4,5,545,545,Champions,0
C00875,9862.01,2,167,9.196546674843777,3,2,3,323,323,Other,0
C00876,16937.73,5,169,9.737357994911557,3,4,4,344,344,Loyal,0
C00877,6109.83,3,370,8.717817885820356,1,3,2,132,132,Other,1
C00878,16801.25,7,123,9.729268084995148,3,5,4,354,354,Loyal,0
C00879,7980.25,5,90,8.984850319780849,4,5,2,452,452,Other,0
C00880,13440.079999999998,5,263,9.506070967991535,2,5,4,254,254,Frequent but at risk,0
C00881,4092.7200000000003,2,91,8.317209371112435,4,2,1,421,421,New / Promising,1
C00883,17294.76,4,126,9.758216663742013,3,4,4,344,344,Loyal,0
C00884,9085.02,2,225,9.114492247505568,2,2,3,223,223,Other,1
C00885,14847.220000000001,4,258,9.605635271726559,2,4,4,244,244,Frequent but at risk,0
C00886,98.86,1,645,4.603769205072463,1,1,1,111,111,At Risk / Churn,1
C00887,4675.04,2,394,8.450206876875303,1,2,1,121,121,At Risk / Churn,1
C00888,13122.71,5,3,9.48217579691518,5,5,3,553,553,Loyal,0
C00889,21051.36,4,365,9.954767946840473,1,4,5,145,145,Frequent but at risk,0
C00890,11231.970000000001,2,271,9.326608482935608,2,2,3,223,223,Other,1
C00893,14294.369999999999,5,67,9.567690987597384,4,5,4,454,454,Champions,0
C00894,5185.86,2,442,8.553883783433843,1,2,2,122,122,At Risk / Churn,1
C00895,11254.32,4,46,9.328596184744741,4,4,3,443,443,Loyal,0
C00896,11872.98,4,23,9.382104730476836,5,4,3,543,543,Loyal,0
C00897,26059.31,5,43,10.168168746233563,5,5,5,555,555,Champions,0
C00898,11548.289999999999,4,635,9.354379242198995,1,4,3,143,143,Frequent but at risk,1
C00899,17622.78,5,238,9.777004405426508,2,5,4,254,254,Frequent but at risk,0
C00900,4171.44,4,60,8.336256275564415,4,4,1,441,441,Other,0
C00901,1222.57,1,316,7.109528094159902,1,1,1,111,111,At Risk / Churn,1
C00902,18717.22,6,75,9.837252660040587,4,5,4,454,454,Champions,0
C00903,6031.28,4,290,8.704880327708603,1,4,2,142,142,Frequent but at risk,1
C00904,21663.85,4,56,9.983446410540534,4,4,5,445,445,Champions,0
C00905,24152.8,7,116,10.092196996599002,3,5,5,355,355,Loyal,0
C00906,29738.61,6,145,10.300235106276514,3,5,5,355,355,Loyal,0
C00907,9094.220000000001,4,113,9.11550427977457,3,4,3,343,343,Loyal,0
C00908,26059.71,4,1,10.16818409512735,5,4,5,545,545,Champions,0
C00909,19696.8,5,288,9.888262233363045,2,5,5,255,255,Frequent but at risk,0
C00910,7895.13,3,356,8.974128045010207,1,3,2,132,132,Other,1
C00911,11561.86,2,22,9.355553516471128,5,2,3,523,523,New / Promising,0
C00912,28299.98,5,115,10.250651712007025,3,5,5,355,355,Loyal,0
C00913,3076.83,3,250,8.031980082204289,2,3,1,231,231,Other,1
C00914,5103.36,4,91,8.537850355452656,4,4,2,442,442,Other,0
C00915,1807.73,1,695,7.500380220524505,1,1,1,111,111,At Risk / Churn,1
C00916,10675.83,4,131,9.275831251976056,3,4,3,343,343,Loyal,0
C00917,2099.79,3,182,7.650068743445809,2,3,1,231,231,Other,1
C00918,13262.15,5,247,9.492744792088848,2,5,3,253,253,Frequent but at risk,0
C00919,8301.529999999999,3,254,9.02431556661384,2,3,2,232,232,Other,1
C00920,9246.23,3,56,9.132079326200074,4,3,3,433,433,Loyal,0
C00921,128.75,1,401,4.865609522045998,1,1,1,111,111,At Risk / Churn,1
C00922,17351.6,3,77,9.761497630055512,4,3,4,434,434,Loyal,0
C00923,8708.720000000001,3,501,9.072194922372304,1,3,2,132,132,Other,1
C00924,7858.689999999999,4,19,8.969502444441904,5,4,2,542,542,Other,0
C00925,36137.81,7,168,10.495122636099946,3,5,5,355,355,Loyal,0
C00926,2571.7599999999998,2,504,7.852734531600105,1,2,1,121,121,At Risk / Churn,1
C00927,6656.03,2,334,8.803428718125025,1,2,2,122,122,At Risk / Churn,1
C00928,24097.16,5,29,10.08989076801633,5,5,5,555,555,Champions,0
C00929,12409.94,4,377,9.426333620696758,1,4,3,143,143,Frequent but at risk,0
C00930,29138.95,6,47,10.279865363893228,4,5,5,455,455,Champions,0
C00931,15480.41,5,257,9.647395228267024,2,5,4,254,254,Frequent but at risk,0
C00932,11791.89,4,76,9.375252086479268,4,4,3,443,443,Loyal,0
C00933,8707.62,5,9,9.072068618717482,5,5,2,552,552,Other,0
C00934,6722.13,3,83,8.81330909888777,4,3,2,432,432,Other,0
C00935,15325.86,4,227,9.637362123749583,2,4,4,244,244,Frequent but at risk,0
C00936,2294.36,3,441,7.7386449729380695,1,3,1,131,131,Other,1
C00937,6990.05,3,200,8.852386038539048,2,3,2,232,232,Other,1
C00938,12235.460000000001,4,133,9.412175298549121,3,4,3,343,343,Loyal,0
C00939,13525.17,4,567,9.512381606442714,1,4,4,144,144,Frequent but at risk,1
C00940,11705.89,2,14,9.367932836347718,5,2,3,523,523,New / Promising,0
C00941,7312.700000000001,2,295,8.897504580640861,1,2,2,122,122,At Risk / Churn,1
C00942,6218.47,2,260,8.735439973099517,2,2,2,222,222,At Risk / Churn,1
C00943,24305.11,6,72,10.098483038052036,4,5,5,455,455,Champions,0
C00944,14849.69,3,50,9.605801607797861,4,3,4,434,434,Loyal,0
C00945,4923.86,1,146,8.502051126806213,3,1,1,311,311,Other,1
C00946,8739.539999999999,3,152,9.075727251637998,3,3,2,332,332,Other,0
C00947,24831.399999999998,6,24,10.119904531100632,5,5,5,555,555,Champions,0
C00948,12434.57,6,77,9.42831619354643,4,5,3,453,453,Loyal,0
C00949,6030.35,3,208,8.704726145260725,2,3,2,232,232,Other,1
C00950,7754.86,2,64,8.956203965658114,4,2,2,422,422,New / Promising,0
C00951,22669.87,6,113,10.028836119474516,3,5,5,355,355,Loyal,0
C00952,14862.55,6,187,9.606667186106641,2,5,4,254,254,Frequent but at risk,0
C00953,197.82,1,693,5.292399892783999,1,1,1,111,111,At Risk / Churn,1
C00954,9059.880000000001,6,102,9.111721524563015,3,5,3,353,353,Loyal,0
C00955,4403.7300000000005,4,119,8.390434242507618,3,4,1,341,341,Other,1
C00956,3424.83,1,622,8.13909905710418,1,1,1,111,111,At Risk / Churn,1
C00957,31659.35,6,93,10.362820388332835,4,5,5,455,455,Champions,0
C00958,12914.5,3,59,9.466183419453408,4,3,3,433,433,Loyal,0
C00959,6250.13,2,362,8.740517526388096,1,2,2,122,122,At Risk / Churn,1
C00960,2198.12,2,239,7.695812559325067,2,2,1,221,221,At Risk / Churn,1
C00961,3520.59,2,182,8.16666787114981,2,2,1,221,221,At Risk / Churn,1
C00962,5179.84,3,190,8.552722484268829,2,3,2,232,232,Other,1
C00963,14325.449999999999,3,228,9.569862758100864,2,3,4,234,234,Other,0
C00964,821.67,2,425,6.712555148212817,1,2,1,121,121,At Risk / Churn,1
C00965,13845.380000000001,3,132,9.535779105610757,3,3,4,334,334,Loyal,0
C00966,2762.52,2,215,7.924260508446333,2,2,1,221,221,At Risk / Churn,1
C00967,4077.58,1,193,8.313504167602817,2,1,1,211,211,At Risk / Churn,1
C00968,21018.82,3,167,9.953221081121203,3,3,5,335,335,Loyal,0
C00969,9396.67,4,189,9.148217065192243,2,4,3,243,243,Frequent but at risk,0
C00970,20585.36,3,582,9.93238399954654,1,3,5,135,135,Other,1
C00971,7780.37,5,190,8.959487694214952,2,5,2,252,252,Frequent but at risk,0
C00972,13820.34,2,379,9.533969053547448,1,2,4,124,124,Other,1
C00973,129.38,1,235,4.870453263496393,2,1,1,211,211,At Risk / Churn,1
C00974,6598.69,3,258,8.794777957214436,2,3,2,232,232,Other,1
C00975,3935.6800000000003,3,203,8.278093007477766,2,3,1,231,231,Other,1
C00976,33859.14,6,328,10.429993790350759,1,5,5,155,155,Frequent but at risk,0
C00977,13379.5,4,173,9.501553702191782,3,4,3,343,343,Loyal,0
C00978,12013.48,5,45,9.393867867999706,5,5,3,553,553,Loyal,0
C00979,34253.49,8,32,10.441572929988698,5,5,5,555,555,Champions,0
C00980,10861.75,2,43,9.293094784268531,5,2,3,523,523,New / Promising,0
C00981,3106.84,3,214,8.041683230110914,2,3,1,231,231,Other,1
C00982,5362.72,3,266,8.587413043188253,2,3,2,232,232,Other,1
C00983,12904.58,4,88,9.465415054962996,4,4,3,443,443,Loyal,0
C00984,10322.72,5,51,9.24219943919989,4,5,3,453,453,Loyal,0
C00985,13198.509999999998,4,118,9.487934986673332,3,4,3,343,343,Loyal,0
C00986,2872.6699999999996,2,119,7.963345237499384,3,2,1,321,321,Other,1
C00987,383.81,1,179,5.952749705979869,2,1,1,211,211,At Risk / Churn,1
C00988,15592.28,3,169,9.654595331199141,3,3,4,334,334,Loyal,0
C00989,9779.87,3,300,9.188183716127634,1,3,3,133,133,Other,1
C00990,30249.84,5,281,10.317279231668488,2,5,5,255,255,Frequent but at risk,0
C00991,690.51,3,95,6.538877612316229,4,3,1,431,431,Other,1
C00992,8435.19,4,218,9.04028606386756,2,4,2,242,242,Frequent but at risk,0
C00993,6638.339999999999,3,507,8.80076783993985,1,3,2,132,132,Other,1
C00994,1204.8000000000002,1,336,7.094898526055306,1,1,1,111,111,At Risk / Churn,1
C00995,22594.96,6,336,10.025526408218767,1,5,5,155,155,Frequent but at risk,0
C00996,2094.3199999999997,1,139,7.647461565322036,3,1,1,311,311,Other,1
C00997,12050.07,4,85,9.396908731657106,4,4,3,443,443,Loyal,0
C00998,15182.19,3,265,9.627944173799804,2,3,4,234,234,Other,0
C00999,17708.93,6,65,9.781880778199898,4,5,4,454,454,Champions,0
C01000,27403.219999999998,8,7,10.218452295115672,5,5,5,555,555,Champions,0
C01001,16310.84,3,170,9.699646503476416,3,3,4,334,334,Loyal,0
C01002,2066.85,2,100,7.634264699148483,3,2,1,321,321,Other,1
C01003,18951.3,5,63,9.849680575177246,4,5,4,454,454,Champions,0
C01004,622.67,1,244,6.435621382327132,2,1,1,211,211,At Risk / Churn,1
C01005,940.71,2,525,6.847697371552765,1,2,1,121,121,At Risk / Churn,1
C01006,2695.69,2,304,7.899780374004596,1,2,1,121,121,At Risk / Churn,1
C01007,22470.27,7,23,10.019992883386374,5,5,5,555,555,Champions,0
C01008,18049.64,5,176,9.800936420196152,2,5,4,254,254,Frequent but at risk,0
C01009,6314.39,3,175,8.750744790597377,3,3,2,332,332,Other,1
C01010,15977.9,5,45,9.6790243809059,5,5,4,554,554,Champions,0
C01011,5902.679999999999,3,197,8.6833311642694,2,3,2,232,232,Other,1
C01013,1518.8999999999999,2,242,7.326399822202416,2,2,1,221,221,At Risk / Churn,1
C01014,12793.6,4,158,9.456778485893414,3,4,3,343,343,Loyal,0
C01015,8213.42,5,197,9.013646425422591,2,5,2,252,252,Frequent but at risk,0
C01016,10292.68,4,150,9.239285393659962,3,4,3,343,343,Loyal,0
C01017,23058.98,5,9,10.045853926519985,5,5,5,555,555,Champions,0
C01018,29177.5,7,114,10.281187415683524,3,5,5,355,355,Loyal,0
C01019,9888.26,3,192,9.199204598763783,2,3,3,233,233,Other,0
C01020,16062.39,3,611,9.684298048662889,1,3,4,134,134,Other,1
C01021,19982.59,3,204,9.902666715741764,2,3,5,235,235,Other,0
C01022,1635.3400000000001,2,10,7.400217319531165,5,2,1,521,521,New / Promising,1
C01023,818.8199999999999,2,41,6.7090848039668485,5,2,1,521,521,New / Promising,1
C01024,801.31,3,221,6.6874950668474575,2,3,1,231,231,Other,1
C01025,2762.94,5,237,7.924412476981902,2,5,1,251,251,Frequent but at risk,1
C01026,33494.95,6,65,10.419179814982318,4,5,5,455,455,Champions,0
C01027,5634.91,4,66,8.63691390411889,4,4,2,442,442,Other,0
C01028,4499.76,2,57,8.412001550387178,4,2,1,421,421,New / Promising,1
C01029,13713.43,3,116,9.52620384217265,3,3,4,334,334,Loyal,0
C01030,16794.0,2,163,9.728836502046393,3,2,4,324,324,Other,0
C01031,2916.12,2,137,7.97835210717721,3,2,1,321,321,Other,1
C01032,9979.119999999999,3,26,9.208350393281318,5,3,3,533,533,Loyal,0
C01033,15973.92,3,239,9.67877527140847,2,3,4,234,234,Other,0
C01034,24339.9,5,220,10.09991334202883,2,5,5,255,255,Frequent but at risk,0
C01035,5143.08,2,97,8.545601817896056,4,2,2,422,422,New / Promising,1
C01036,34163.47,8,42,10.4389414941427,5,5,5,555,555,Champions,0
C01037,7040.97,3,280,8.859643239552558,2,3,2,232,232,Other,1
C01038,3485.73,2,271,8.15671961322178,2,2,1,221,221,At Risk / Churn,1
C01039,4820.38,2,273,8.480815473120545,2,2,1,221,221,At Risk / Churn,1
C01040,872.77,1,79,6.772817183128684,4,1,1,411,411,New / Promising,1
C01041,7295.2300000000005,3,131,8.895113055380099,3,3,2,332,332,Other,0
C01042,8365.92,1,176,9.032041114877831,2,1,2,212,212,At Risk / Churn,1
C01043,50442.67,8,8,10.82861254714651,5,5,5,555,555,Champions,0
C01044,13432.439999999999,5,143,9.50550239968179,3,5,3,353,353,Loyal,0
C01045,9956.42,4,258,9.206073280878408,2,4,3,243,243,Frequent but at risk,0
C01046,7343.31,4,168,8.901681142738429,3,4,2,342,342,Other,0
C01047,74.08,1,7,4.3185542117183084,5,1,1,511,511,New / Promising,1
C01048,15867.31,4,67,9.672079317616824,4,4,4,444,444,Champions,0
C01049,7213.349999999999,1,66,8.883827377059525,4,1,2,412,412,New / Promising,0
C01050,18875.44,6,77,9.845669862597914,4,5,4,454,454,Champions,0
C01051,21099.9,3,203,9.957070972582937,2,3,5,235,235,Other,0
C01052,5615.7699999999995,3,155,8.633512044569276,3,3,2,332,332,Other,1
C01053,12660.210000000001,3,190,9.446298267750286,2,3,3,233,233,Other,0
C01054,6587.150000000001,2,168,8.793027859708639,3,2,2,322,322,Other,1
C01055,24108.94,6,16,10.090379482578175,5,5,5,555,555,Champions,0
C01056,6632.01,6,34,8.799813977137868,5,5,2,552,552,Other,0
C01057,20231.21,6,375,9.915031167892613,1,5,5,155,155,Frequent but at risk,0
C01058,14572.55,6,83,9.58696352084945,4,5,4,454,454,Champions,0
C01059,6794.72,2,16,8.824048281236752,5,2,2,522,522,New / Promising,0
C01060,24986.19,7,299,10.126118572528597,1,5,5,155,155,Frequent but at risk,0
C01061,6943.5,3,34,8.845705258356274,5,3,2,532,532,Other,0
C01062,1632.3,1,693,7.398357787059093,1,1,1,111,111,At Risk / Churn,1
C01063,6552.71,5,42,8.787786580492186,5,5,2,552,552,Other,0
C01064,6132.62,3,46,8.721540392967164,4,3,2,432,432,Other,0
C01065,19698.78,4,255,9.888362747151032,2,4,5,245,245,Frequent but at risk,0
C01066,2050.57,2,174,7.626360632674724,3,2,1,321,321,Other,1
C01067,17743.34,6,152,9.783821870813243,3,5,4,354,354,Loyal,0
C01068,7190.41,4,170,8.880642537191248,3,4,2,342,342,Other,0
C01069,12381.88,4,16,9.424070152463145,5,4,3,543,543,Loyal,0
C01070,19051.62,4,157,9.854959903906476,3,4,4,344,344,Loyal,0
C01072,19822.81,7,152,9.894639019480783,3,5,5,355,355,Loyal,0
C01073,28574.98,6,282,10.260321783787962,2,5,5,255,255,Frequent but at risk,0
C01074,17915.35,6,10,9.793468982747001,5,5,4,554,554,Champions,0
C01075,9782.91,4,204,9.188494478632958,2,4,3,243,243,Frequent but at risk,0
C01076,26884.97,7,5,10.199359868191214,5,5,5,555,555,Champions,0
C01077,6771.570000000001,4,273,8.820635909823148,2,4,2,242,242,Frequent but at risk,1
C01078,16755.3,3,159,9.726529585941027,3,3,4,334,334,Loyal,0
C01079,1405.95,2,284,7.249179519880248,2,2,1,221,221,At Risk / Churn,1
C01080,14411.81,3,35,9.575872673452675,5,3,4,534,534,Loyal,0
C01081,1437.78,4,57,7.27155081125224,4,4,1,441,441,Other,1
C01082,759.8000000000001,1,267,6.634370511231181,2,1,1,211,211,At Risk / Churn,1
C01083,15496.060000000001,3,5,9.648405607496947,5,3,4,534,534,Loyal,0
C01084,2806.0299999999997,1,8,7.939882263871568,5,1,1,511,511,New / Promising,1
C01085,4000.47,3,177,8.294417072590443,2,3,1,231,231,Other,1
C01086,10984.31,4,350,9.304314204720935,1,4,3,143,143,Frequent but at risk,0
C01087,1997.69,1,219,7.600247244935866,2,1,1,211,211,At Risk / Churn,1
C01088,9671.63,3,132,9.177055526649767,3,3,3,333,333,Loyal,0
C01089,10212.84,3,75,9.231498942311056,4,3,3,433,433,Loyal,0
C01090,19429.77,6,23,9.874613171025272,5,5,5,555,555,Champions,0
C01091,18072.98,3,488,9.802228613899377,1,3,4,134,134,Other,1
C01092,17437.64,5,15,9.766443712770867,5,5,4,554,554,Champions,0
C01093,8812.29,3,151,9.084016088492687,3,3,3,333,333,Loyal,0
C01094,7142.360000000001,3,106,8.873938532877006,3,3,2,332,332,Other,0
C01095,8076.12,2,95,8.996790652333294,4,2,2,422,422,New / Promising,0
C01096,23235.24,3,49,10.053468407859219,4,3,5,435,435,Loyal,0
C01097,9100.67,6,116,9.116213192151369,3,5,3,353,353,Loyal,0
C01098,28623.55,7,4,10.262020020208954,5,5,5,555,555,Champions,0
C01099,2214.43,3,32,7.703201794563774,5,3,1,531,531,Other,1
C01100,16742.38,5,76,9.725758235251073,4,5,4,454,454,Champions,0
C01101,20699.32,6,338,9.93790443807117,1,5,5,155,155,Frequent but at risk,0
C01102,16672.89,3,204,9.721599301851521,2,3,4,234,234,Other,0
C01103,14923.970000000001,4,76,9.610790928208532,4,4,4,444,444,Champions,0
C01104,10003.94,3,142,9.210834249998353,3,3,3,333,333,Loyal,0
C01105,24887.16,5,85,10.122147467357838,4,5,5,455,455,Champions,0
C01106,9497.07,2,405,9.158843899054535,1,2,3,123,123,Other,1
C01107,7230.47,4,309,8.886197613988276,1,4,2,142,142,Frequent but at risk,1
C01108,12678.47,2,254,9.447739429010396,2,2,3,223,223,Other,0
C01109,13356.6,4,240,9.499840790234748,2,4,3,243,243,Frequent but at risk,0
C01111,16865.440000000002,6,156,9.733081127781968,3,5,4,354,354,Loyal,0
C01112,1885.38,2,276,7.542414927521644,2,2,1,221,221,At Risk / Churn,1
C01113,7264.33,3,200,8.890868998234994,2,3,2,232,232,Other,1
C01114,23832.61,6,50,10.07885204833822,4,5,5,455,455,Champions,0
C01115,4051.42,4,73,8.307069512514298,4,4,1,441,441,Other,0
C01116,5772.88,1,472,8.661099577187379,1,1,2,112,112,At Risk / Churn,1
C01117,7592.98,3,26,8.935111107130128,5,3,2,532,532,Other,0
C01118,13336.220000000001,4,213,9.498313901950093,2,4,3,243,243,Frequent but at risk,0
C01119,5221.57,2,90,8.560744896883259,4,2,2,422,422,New / Promising,1
C01120,27944.12,5,216,10.2379978658438,2,5,5,255,255,Frequent but at risk,0
C01121,19157.99,7,12,9.860527336147946,5,5,5,555,555,Champions,0
C01122,2061.28,2,97,7.631567445852876,4,2,1,421,421,New / Promising,1
C01123,11977.61,3,21,9.390877838226636,5,3,3,533,533,Loyal,0
C01124,6270.03,2,125,8.743695894457586,3,2,2,322,322,Other,1
C01125,27230.56,8,15,10.212131873780757,5,5,5,555,555,Champions,0
C01126,10038.119999999999,3,328,9.214244740001897,1,3,3,133,133,Other,1
C01127,29499.82,7,83,10.292173338551763,4,5,5,455,455,Champions,0
C01128,11783.9,3,36,9.374574329971482,5,3,3,533,533,Loyal,0
C01129,36091.6,6,265,10.493843137158855,2,5,5,255,255,Frequent but at risk,0
C01130,231.25,1,319,5.447814377693948,1,1,1,111,111,At Risk / Churn,1
C01131,3002.92,4,5,8.007673381370955,5,4,1,541,541,Other,1
C01132,9904.710000000001,2,175,9.2008666375329,3,2,3,323,323,Other,0
C01133,14133.560000000001,2,59,9.556378141238524,4,2,4,424,424,New / Promising,0
C01134,20313.79,5,112,9.919104471179129,3,5,5,355,355,Loyal,0
C01135,3002.83,3,124,8.007643420070965,3,3,1,331,331,Other,1
C01136,5996.38,2,141,8.699077986176873,3,2,2,322,322,Other,1
C01137,22744.510000000002,3,450,10.032123042263166,1,3,5,135,135,Other,0
C01138,22300.45,4,109,10.01240697775587,3,4,5,345,345,Loyal,0
C01139,13778.18,5,50,9.53091403626586,4,5,4,454,454,Champions,0
C01140,310.22,1,711,5.740500057591364,1,1,1,111,111,At Risk / Churn,1
C01141,30430.239999999998,4,223,10.323224991321386,2,4,5,245,245,Frequent but at risk,0
C01142,9376.44,4,45,9.146062083641786,5,4,3,543,543,Loyal,0
C01143,25518.239999999998,4,110,10.147187956451013,3,4,5,345,345,Loyal,0
C01144,7640.34,2,387,8.941328259451227,1,2,2,122,122,At Risk / Churn,1
C01145,7711.1900000000005,2,142,8.950557472916358,3,2,2,322,322,Other,0
C01146,10934.02,2,43,9.29972576209868,5,2,3,523,523,New / Promising,0
C01147,5411.51,2,249,8.596468219884096,2,2,2,222,222,At Risk / Churn,1
C01148,5417.2,2,616,8.597518935954138,1,2,2,122,122,At Risk / Churn,1
C01149,8200.74,5,13,9.012101605864094,5,5,2,552,552,Other,0
C01150,19037.53,6,163,9.854220099482475,3,5,4,354,354,Loyal,0
C01151,10436.96,2,474,9.253204440044263,1,2,3,123,123,Other,1
C01152,30391.2,8,62,10.321941275524935,4,5,5,455,455,Champions,0
C01153,23187.23,4,18,10.051400101334012,5,4,5,545,545,Champions,0
C01154,15989.89,3,145,9.67977446406642,3,3,4,334,334,Loyal,0
C01155,4643.41,1,604,8.443419624881185,1,1,1,111,111,At Risk / Churn,1
C01156,8175.6900000000005,3,601,9.009042702228948,1,3,2,132,132,Other,1
C01158,11391.56,4,30,9.340715789746946,5,4,3,543,543,Loyal,0
C01159,26110.86,7,39,10.170144896229854,5,5,5,555,555,Champions,0
C01160,11448.01,3,174,9.345658542362159,3,3,3,333,333,Loyal,0
C01161,8804.13,4,235,9.083089785159759,2,4,3,243,243,Frequent but at risk,0
C01162,7244.91,2,3,8.888192450732012,5,2,2,522,522,New / Promising,0
C01163,2992.04,1,374,8.004044872280602,1,1,1,111,111,At Risk / Churn,1
C01164,21878.94,5,28,9.99332551430181,5,5,5,555,555,Champions,0
C01165,5942.79,3,332,8.690102256029204,1,3,2,132,132,Other,1
C01166,15937.58,2,96,9.67649786431074,4,2,4,424,424,New / Promising,0
C01167,3595.13,3,213,8.187613546217268,2,3,1,231,231,Other,1
C01168,11929.55,4,13,9.386857616292486,5,4,3,543,543,Loyal,0
C01169,19204.2,6,13,9.86293635468048,5,5,5,555,555,Champions,0
C01170,18017.94,9,206,9.799178705902746,2,5,4,254,254,Frequent but at risk,0
C01171,2208.26,4,172,7.700412896810864,3,4,1,341,341,Other,1
C01172,7723.879999999999,2,197,8.95220156766471,2,2,2,222,222,At Risk / Churn,1
C01173,30872.43,7,74,10.337651222434934,4,5,5,455,455,Champions,0
C01174,13812.1,2,46,9.533372696230694,4,2,4,424,424,New / Promising,0
C01175,5392.84,3,40,8.59301284067167,5,3,2,532,532,Other,0
C01176,14365.08,6,53,9.572625151323125,4,5,4,454,454,Champions,0
C01177,467.57,1,550,6.149685503537741,1,1,1,111,111,At Risk / Churn,1
C01178,18010.53,5,58,9.798767387365714,4,5,4,454,454,Champions,0
